"","ctrl1","ctrl2","ctrl3","treat1","treat2","treat3"
"GENE001",341,373,346,2457,1950,1488
"GENE002",190,299,235,691,986,747
"GENE003",177,109,142,560,582,516
"GENE004",138,94,170,447,401,378
"GENE005",489,601,410,1434,2054,1638
"GENE006",715,447,495,1788,1746,1733
"GENE007",215,248,289,1159,1033,950
"GENE008",129,134,115,663,648,618
"GENE009",25,44,50,116,89,83
"GENE010",31,41,44,131,166,155
"GENE011",26,20,28,49,33,45
"GENE012",284,258,276,1526,1554,1658
"GENE013",365,366,310,653,616,682
"GENE014",175,164,241,652,467,693
"GENE015",7,6,6,36,61,36
"GENE016",106,126,146,607,810,483
"GENE017",40,70,59,284,244,233
"GENE018",187,284,269,1233,1454,1412
"GENE019",34,53,26,117,130,135
"GENE020",20,28,18,99,154,91
"GENE021",435,457,339,1891,2204,1803
"GENE022",231,206,254,467,600,435
"GENE023",340,367,440,1064,1216,1654
"GENE024",117,91,111,237,181,183
"GENE025",283,268,264,1025,748,919
"GENE026",16,40,30,83,90,84
"GENE027",113,127,171,426,518,330
"GENE028",408,266,298,1708,1215,1398
"GENE029",22,16,18,37,76,79
"GENE030",141,113,147,966,826,787
"GENE031",24,31,34,218,178,135
"GENE032",105,105,82,490,412,539
"GENE033",68,78,134,319,286,280
"GENE034",421,581,462,1903,1254,1961
"GENE035",92,79,92,280,268,290
"GENE036",199,216,236,755,748,804
"GENE037",237,187,210,809,764,836
"GENE038",79,80,89,234,368,228
"GENE039",93,102,89,239,238,211
"GENE040",275,254,262,738,478,454
"GENE041",46,65,66,47,51,78
"GENE042",124,107,188,158,130,122
"GENE043",263,191,273,298,229,261
"GENE044",1232,1114,923,1138,1613,767
"GENE045",50,39,48,51,45,41
"GENE046",146,126,165,147,174,173
"GENE047",204,211,186,193,244,155
"GENE048",310,386,231,299,246,265
"GENE049",275,291,341,234,270,349
"GENE050",885,1076,1222,1200,797,1013
"GENE051",65,93,90,126,95,73
"GENE052",68,52,79,69,66,90
"GENE053",82,80,61,52,105,68
"GENE054",68,70,49,48,59,62
"GENE055",73,70,85,83,87,60
"GENE056",49,27,43,30,36,49
"GENE057",375,331,400,312,413,299
"GENE058",103,108,129,97,144,128
"GENE059",358,402,319,447,439,388
"GENE060",118,146,162,189,122,144
"GENE061",1010,993,833,779,758,822
"GENE062",305,337,447,397,363,454
"GENE063",258,200,362,197,313,234
"GENE064",187,212,188,182,242,173
"GENE065",606,732,706,742,922,640
"GENE066",154,101,147,149,120,115
"GENE067",23,24,17,17,24,18
"GENE068",263,322,321,279,281,304
"GENE069",198,205,270,260,172,280
"GENE070",22,18,17,16,24,19
"GENE071",577,402,505,505,524,396
"GENE072",55,55,34,50,38,43
"GENE073",185,233,216,222,135,157
"GENE074",179,169,170,165,118,144
"GENE075",145,208,161,151,198,203
"GENE076",114,99,97,130,83,147
"GENE077",508,556,641,548,500,660
"GENE078",281,393,289,255,305,306
"GENE079",65,39,63,57,72,55
"GENE080",185,109,169,135,149,158
"GENE081",33,34,50,44,54,46
"GENE082",424,399,262,320,412,370
"GENE083",429,366,312,391,333,412
"GENE084",16,21,33,19,30,36
"GENE085",244,113,227,216,205,155
"GENE086",431,421,369,511,472,388
"GENE087",120,119,143,147,138,134
"GENE088",172,91,117,83,145,143
"GENE089",95,117,115,81,108,115
"GENE090",298,273,316,362,345,293
"GENE091",41,60,32,53,39,44
"GENE092",96,108,90,103,92,84
"GENE093",88,79,75,65,60,96
"GENE094",386,205,359,275,325,261
"GENE095",302,223,200,252,325,286
"GENE096",17,19,25,17,23,23
"GENE097",34,63,58,63,48,47
"GENE098",29,33,42,49,67,44
"GENE099",131,161,146,151,129,128
"GENE100",440,507,393,508,518,491
"GENE101",1805,1189,1155,1442,1177,1368
"GENE102",251,232,335,210,214,213
"GENE103",432,340,388,467,437,363
"GENE104",143,179,208,180,136,163
"GENE105",49,39,41,36,44,49
"GENE106",220,192,188,288,234,248
"GENE107",80,91,125,136,132,115
"GENE108",604,649,313,499,563,454
"GENE109",60,113,86,82,90,96
"GENE110",34,37,39,41,48,53
"GENE111",38,55,37,34,41,40
"GENE112",379,509,527,313,449,540
"GENE113",73,95,71,69,89,86
"GENE114",124,127,157,159,141,148
"GENE115",81,83,91,74,84,46
"GENE116",26,26,20,23,26,31
"GENE117",1052,994,1095,926,765,779
"GENE118",287,206,230,285,190,283
"GENE119",138,95,108,130,87,125
"GENE120",328,408,334,396,542,523
"GENE121",112,135,103,112,131,124
"GENE122",93,124,95,105,104,125
"GENE123",42,26,27,34,49,51
"GENE124",141,154,126,105,114,123
"GENE125",56,88,93,86,63,66
"GENE126",130,119,203,146,142,130
"GENE127",44,61,42,52,53,52
"GENE128",34,47,48,42,49,48
"GENE129",76,90,70,74,102,94
"GENE130",253,295,213,274,231,251
"GENE131",53,45,54,43,50,52
"GENE132",191,129,137,129,174,162
"GENE133",80,89,106,67,88,78
"GENE134",186,149,180,173,163,181
"GENE135",747,756,794,828,968,657
"GENE136",61,71,68,41,77,78
"GENE137",55,38,58,57,44,40
"GENE138",294,217,266,220,183,289
"GENE139",199,193,257,194,214,153
"GENE140",107,77,124,132,103,113
"GENE141",227,394,363,215,317,349
"GENE142",61,57,46,40,42,21
"GENE143",80,59,53,80,66,59
"GENE144",957,1199,786,953,627,1060
"GENE145",435,315,424,317,332,387
"GENE146",318,168,321,331,411,214
"GENE147",503,918,790,1170,788,997
"GENE148",144,126,156,131,169,155
"GENE149",340,417,294,396,425,272
"GENE150",339,379,557,289,435,382
"GENE151",48,62,36,41,29,69
"GENE152",132,158,152,107,118,119
"GENE153",1483,1556,2054,2080,1818,1652
"GENE154",452,624,706,574,616,615
"GENE155",70,58,65,84,54,70
"GENE156",14,4,11,10,8,4
"GENE157",158,203,158,198,183,189
"GENE158",114,80,110,104,93,81
"GENE159",90,94,74,82,67,84
"GENE160",198,226,173,185,163,135
"GENE161",841,790,696,811,864,806
"GENE162",135,185,106,151,153,153
"GENE163",135,190,160,179,128,137
"GENE164",646,624,639,701,880,655
"GENE165",123,98,96,96,70,136
"GENE166",76,73,53,47,77,72
"GENE167",176,183,150,222,166,159
"GENE168",13,32,45,31,44,27
"GENE169",423,494,400,446,455,448
"GENE170",1253,1550,1382,1399,1173,1419
"GENE171",131,78,80,106,108,82
"GENE172",243,362,377,386,340,463
"GENE173",79,97,92,73,116,104
"GENE174",140,218,179,158,207,153
"GENE175",260,336,186,146,203,184
"GENE176",428,508,434,453,511,461
"GENE177",451,416,612,401,472,419
"GENE178",208,133,152,194,170,201
"GENE179",275,293,354,377,323,313
"GENE180",102,79,97,81,108,94
"GENE181",292,318,297,260,301,324
"GENE182",193,200,236,203,191,146
"GENE183",241,339,225,211,265,311
"GENE184",71,82,86,77,66,67
"GENE185",102,108,82,77,88,109
"GENE186",393,370,253,320,271,346
"GENE187",473,435,485,523,380,361
"GENE188",125,106,101,96,114,111
"GENE189",88,79,78,64,80,69
"GENE190",268,190,356,212,180,230
"GENE191",93,97,101,65,88,75
"GENE192",48,74,51,53,39,47
"GENE193",241,225,236,269,311,279
"GENE194",389,271,318,361,425,482
"GENE195",453,645,466,429,429,508
"GENE196",337,205,283,253,173,261
"GENE197",614,526,437,627,482,445
"GENE198",219,157,235,183,256,246
"GENE199",1195,1531,1634,1306,1985,1286
"GENE200",13,18,38,31,39,18
"GENE201",155,175,184,147,143,165
"GENE202",373,291,225,235,221,337
"GENE203",67,91,97,70,78,60
"GENE204",279,132,149,208,174,173
"GENE205",431,416,462,295,528,480
"GENE206",40,50,48,67,39,57
"GENE207",54,53,70,65,50,84
"GENE208",185,164,151,257,157,189
"GENE209",324,498,392,407,337,511
"GENE210",182,183,255,261,218,198
"GENE211",78,83,68,69,74,55
"GENE212",352,220,261,278,271,229
"GENE213",69,78,83,103,90,96
"GENE214",10,11,10,6,8,7
"GENE215",256,305,394,292,257,317
"GENE216",180,184,246,271,300,216
"GENE217",288,284,219,244,310,377
"GENE218",259,258,215,246,207,211
"GENE219",66,59,79,64,81,67
"GENE220",393,629,421,471,486,491
"GENE221",68,75,87,66,74,92
"GENE222",440,486,835,691,860,477
"GENE223",180,162,120,156,148,216
"GENE224",176,126,103,121,130,147
"GENE225",119,152,107,161,124,212
"GENE226",166,139,200,152,130,208
"GENE227",165,162,131,99,147,140
"GENE228",235,205,231,244,186,224
"GENE229",160,123,124,140,143,118
"GENE230",329,247,265,299,337,299
"GENE231",702,630,572,569,511,556
"GENE232",276,348,332,267,314,310
"GENE233",133,104,109,121,85,116
"GENE234",79,94,130,111,118,74
"GENE235",170,164,169,92,160,201
"GENE236",154,157,146,161,153,149
"GENE237",118,140,115,155,120,151
"GENE238",59,111,81,112,119,98
"GENE239",137,194,143,153,141,123
"GENE240",48,36,67,62,41,67
"GENE241",200,215,182,208,171,165
"GENE242",414,493,520,478,544,401
"GENE243",705,566,440,454,704,573
"GENE244",449,465,445,538,520,349
"GENE245",56,68,41,47,45,92
"GENE246",1060,1050,1117,646,770,1211
"GENE247",78,61,93,86,75,65
"GENE248",178,167,228,230,223,169
"GENE249",45,66,56,44,39,44
"GENE250",125,113,195,214,233,165
"GENE251",785,807,657,831,877,920
"GENE252",186,138,182,133,184,198
"GENE253",376,413,388,366,374,501
"GENE254",122,106,127,111,129,116
"GENE255",214,220,190,197,162,135
"GENE256",25,15,38,32,33,26
"GENE257",163,122,212,167,117,221
"GENE258",176,124,139,115,78,142
"GENE259",185,250,294,249,266,282
"GENE260",37,40,45,44,35,47
"GENE261",96,120,149,135,148,125
"GENE262",124,143,82,113,90,153
"GENE263",215,299,234,298,276,214
"GENE264",58,87,76,74,74,67
"GENE265",12,5,15,12,12,15
"GENE266",331,281,298,263,299,211
"GENE267",73,67,83,66,112,85
"GENE268",302,405,309,328,327,398
"GENE269",237,203,251,223,215,290
"GENE270",322,420,335,437,347,413
"GENE271",331,348,370,414,282,377
"GENE272",176,145,107,114,99,131
"GENE273",34,18,35,47,27,28
"GENE274",57,47,67,53,82,89
"GENE275",282,312,262,289,253,317
"GENE276",129,129,203,123,136,127
"GENE277",82,59,79,91,93,61
"GENE278",32,38,32,23,25,29
"GENE279",72,66,67,49,42,62
"GENE280",141,120,144,131,132,110
"GENE281",298,251,261,422,307,241
"GENE282",193,170,132,126,233,196
"GENE283",559,446,541,682,490,685
"GENE284",200,196,166,173,191,216
"GENE285",242,141,258,277,308,230
"GENE286",124,83,85,132,102,99
"GENE287",84,67,70,46,60,65
"GENE288",181,165,196,172,183,121
"GENE289",396,304,306,531,543,354
"GENE290",2229,1897,2644,1577,1716,2141
"GENE291",74,66,87,80,102,80
"GENE292",312,313,327,282,292,319
"GENE293",635,889,606,921,1055,592
"GENE294",83,86,90,93,112,81
"GENE295",174,193,224,207,170,160
"GENE296",288,313,389,317,187,329
"GENE297",535,564,698,499,517,726
"GENE298",38,36,46,38,33,32
"GENE299",37,51,35,52,49,46
"GENE300",182,179,189,110,215,199
"GENE301",265,281,366,309,316,238
"GENE302",69,63,52,82,80,86
"GENE303",125,119,134,115,96,117
"GENE304",408,552,442,444,484,382
"GENE305",709,849,821,942,662,717
"GENE306",181,305,288,169,255,234
"GENE307",161,135,124,125,145,116
"GENE308",329,324,307,274,257,306
"GENE309",234,152,162,146,218,156
"GENE310",607,436,354,616,645,461
"GENE311",179,285,234,228,249,125
"GENE312",35,47,40,47,39,33
"GENE313",30,22,18,31,27,36
"GENE314",51,51,78,61,60,77
"GENE315",2743,2835,2108,2594,3482,3744
"GENE316",87,83,85,98,113,108
"GENE317",143,156,115,98,151,168
"GENE318",160,170,147,211,93,121
"GENE319",366,297,588,361,484,311
"GENE320",92,74,81,75,64,70
"GENE321",39,44,54,52,48,65
"GENE322",132,139,142,253,207,204
"GENE323",246,205,241,237,212,144
"GENE324",87,70,81,76,110,76
"GENE325",1830,1821,2188,2110,2340,2541
"GENE326",130,115,111,146,128,98
"GENE327",53,56,47,45,64,58
"GENE328",346,331,288,293,261,326
"GENE329",18,20,25,15,18,23
"GENE330",93,107,108,86,113,114
"GENE331",182,189,146,159,164,165
"GENE332",63,112,58,75,90,99
"GENE333",802,711,505,623,545,418
"GENE334",93,92,125,88,100,80
"GENE335",492,443,459,504,489,482
"GENE336",44,27,32,39,47,32
"GENE337",585,555,506,531,552,524
"GENE338",18,19,15,18,21,19
"GENE339",153,161,165,162,125,221
"GENE340",230,268,209,196,238,225
"GENE341",76,72,75,50,94,93
"GENE342",36,41,22,20,31,42
"GENE343",206,217,201,239,217,219
"GENE344",131,115,189,155,166,158
"GENE345",274,245,205,317,331,300
"GENE346",754,568,641,695,786,596
"GENE347",63,32,33,51,65,60
"GENE348",248,268,319,251,282,296
"GENE349",51,45,71,62,61,40
"GENE350",588,586,638,686,506,623
"GENE351",82,79,126,91,67,126
"GENE352",239,269,353,305,333,285
"GENE353",237,315,273,284,301,260
"GENE354",59,73,97,68,77,69
"GENE355",24,13,25,25,15,21
"GENE356",87,61,109,99,126,75
"GENE357",288,339,245,267,286,328
"GENE358",263,289,190,324,379,329
"GENE359",430,460,514,471,467,542
"GENE360",53,59,48,57,33,80
"GENE361",101,105,143,141,149,112
"GENE362",251,238,211,222,276,203
"GENE363",81,92,65,71,83,82
"GENE364",48,77,65,74,77,98
"GENE365",229,249,249,263,237,264
"GENE366",95,81,84,66,97,105
"GENE367",146,202,166,180,191,137
"GENE368",126,132,205,185,134,133
"GENE369",247,331,310,185,251,297
"GENE370",64,70,75,75,82,70
"GENE371",763,735,931,720,857,810
"GENE372",98,73,86,80,80,128
"GENE373",110,111,92,108,120,104
"GENE374",148,120,155,147,143,117
"GENE375",153,218,129,106,173,128
"GENE376",144,125,117,129,118,173
"GENE377",96,134,135,91,132,133
"GENE378",106,63,75,81,121,97
"GENE379",1429,1720,1466,1773,1331,1287
"GENE380",65,68,58,62,45,61
"GENE381",193,141,161,131,153,211
"GENE382",91,108,128,110,110,118
"GENE383",185,186,182,202,250,270
"GENE384",146,168,117,177,170,161
"GENE385",623,718,778,615,695,583
"GENE386",204,239,236,201,291,217
"GENE387",28,48,42,28,39,35
"GENE388",326,334,347,363,387,197
"GENE389",136,147,145,121,147,128
"GENE390",551,464,488,406,484,594
"GENE391",168,110,144,144,155,237
"GENE392",353,391,238,337,381,330
"GENE393",385,323,351,394,273,337
"GENE394",53,40,32,55,39,45
"GENE395",507,571,665,602,494,687
"GENE396",283,348,297,274,328,208
"GENE397",98,84,92,121,87,102
"GENE398",122,147,131,108,148,128
"GENE399",30,46,37,47,41,61
"GENE400",102,144,142,85,119,143
"GENE401",1249,911,1311,1666,1048,1082
"GENE402",329,332,352,302,297,464
"GENE403",179,204,190,205,201,219
"GENE404",92,54,76,46,56,61
"GENE405",316,399,439,231,396,402
"GENE406",16,8,23,23,26,26
"GENE407",196,287,193,218,182,135
"GENE408",137,144,149,131,116,128
"GENE409",210,195,221,263,231,161
"GENE410",280,381,249,222,188,388
"GENE411",550,685,518,613,431,528
"GENE412",97,134,169,157,177,169
"GENE413",273,342,276,393,353,296
"GENE414",278,320,325,265,291,257
"GENE415",290,359,303,322,261,337
"GENE416",149,203,188,155,159,137
"GENE417",40,44,49,56,48,69
"GENE418",74,54,56,55,70,61
"GENE419",30,27,31,24,23,27
"GENE420",339,339,262,251,281,242
"GENE421",39,36,35,20,21,27
"GENE422",803,644,554,824,604,891
"GENE423",141,104,171,127,123,111
"GENE424",102,154,113,104,88,109
"GENE425",377,426,293,300,421,284
"GENE426",128,100,142,114,102,97
"GENE427",566,588,581,715,607,504
"GENE428",57,48,56,23,46,48
"GENE429",389,382,285,323,259,271
"GENE430",606,559,494,591,558,526
"GENE431",1454,1616,1469,707,1421,1299
"GENE432",612,634,580,496,687,733
"GENE433",345,380,219,518,365,558
"GENE434",68,38,77,56,59,52
"GENE435",471,433,324,517,418,376
"GENE436",395,356,354,509,440,314
"GENE437",28,32,20,32,23,26
"GENE438",54,59,51,91,52,86
"GENE439",75,72,57,65,76,88
"GENE440",135,149,164,141,126,118
"GENE441",86,96,74,57,72,86
"GENE442",571,763,808,877,701,628
"GENE443",129,141,136,128,72,111
"GENE444",121,88,88,89,140,107
"GENE445",293,272,247,302,221,220
"GENE446",120,93,101,97,81,86
"GENE447",31,59,44,47,52,40
"GENE448",97,81,118,70,67,78
"GENE449",112,184,186,147,175,185
"GENE450",117,107,103,95,91,113
"GENE451",45,62,61,47,43,58
"GENE452",364,364,347,332,458,454
"GENE453",68,79,74,74,64,82
"GENE454",14,16,17,19,16,9
"GENE455",314,435,395,279,358,418
"GENE456",450,360,267,323,315,247
"GENE457",283,206,184,243,275,250
"GENE458",485,275,295,321,353,369
"GENE459",27,46,37,38,34,31
"GENE460",359,461,678,517,481,591
"GENE461",216,302,371,374,331,311
"GENE462",295,300,213,350,253,283
"GENE463",218,226,260,256,287,229
"GENE464",464,420,669,556,327,482
"GENE465",23,24,36,37,32,32
"GENE466",153,130,131,164,108,191
"GENE467",231,149,110,211,175,200
"GENE468",495,576,521,530,430,591
"GENE469",1168,1045,865,862,1572,999
"GENE470",67,91,138,67,110,89
"GENE471",259,319,316,392,287,366
"GENE472",129,114,91,95,104,119
"GENE473",85,92,120,96,93,84
"GENE474",139,131,160,177,159,148
"GENE475",128,129,93,121,138,110
"GENE476",148,188,125,133,234,159
"GENE477",157,109,138,97,119,165
"GENE478",72,54,84,61,78,78
"GENE479",84,115,76,73,96,76
"GENE480",330,288,314,386,291,286
"GENE481",224,182,161,249,233,162
"GENE482",81,87,65,70,109,70
"GENE483",96,75,76,108,102,78
"GENE484",255,311,256,187,256,242
"GENE485",63,61,79,56,58,43
"GENE486",255,141,271,209,202,200
"GENE487",148,120,114,136,104,111
"GENE488",145,208,249,191,224,266
"GENE489",71,93,65,69,90,90
"GENE490",395,432,408,335,381,318
"GENE491",135,122,120,126,145,173
"GENE492",142,185,136,121,146,134
"GENE493",209,227,221,247,245,236
"GENE494",151,135,123,152,118,118
"GENE495",53,74,58,78,63,69
"GENE496",166,171,199,182,120,154
"GENE497",79,75,52,80,98,79
"GENE498",383,370,464,394,357,390
"GENE499",32,35,33,27,39,38
"GENE500",297,203,244,372,158,231
