sample_id,condition,cell_type,batch
S001,control,B,B1
S002,treated,B,B1
S003,control,C,B2
S004,treated,A,B2
S005,treated,B,B1
S006,control,B,B1
S007,control,C,B2
S008,treated,A,B1
S009,treated,B,B2
S010,treated,B,B1
S011,treated,B,B1
S012,control,A,B1
S013,treated,A,B2
S014,control,C,B1
S015,control,A,B2
S016,treated,A,B2
S017,control,A,B1
S018,treated,A,B2
S019,control,A,B1
S020,treated,C,B2
S021,treated,A,B2
S022,treated,B,B1
S023,treated,A,B1
S024,control,B,B1
S025,control,A,B2
S026,treated,C,B2
S027,control,B,B2
S028,control,A,B2
S029,control,C,B2
S030,treated,B,B2
S031,control,B,B1
S032,treated,A,B2
S033,control,C,B1
S034,treated,A,B1
S035,control,A,B1
S036,control,C,B1
S037,control,A,B2
S038,treated,A,B2
S039,control,B,B2
S040,treated,A,B2
S041,control,A,B2
S042,treated,B,B2
S043,treated,C,B2
S044,control,C,B2
S045,treated,A,B2
S046,treated,C,B1
S047,treated,A,B2
S048,treated,C,B1
S049,treated,A,B2
S050,treated,B,B1
S051,control,B,B1
S052,control,C,B1
S053,control,C,B2
S054,control,A,B2
S055,control,B,B2
S056,treated,B,B1
S057,treated,A,B1
S058,treated,B,B1
S059,treated,A,B2
S060,treated,A,B2
S061,control,B,B2
S062,control,B,B2
S063,treated,B,B1
S064,control,B,B2
S065,control,B,B2
S066,treated,C,B1
S067,treated,A,B1
S068,control,A,B2
S069,treated,A,B1
S070,control,C,B1
S071,treated,B,B2
S072,treated,A,B1
S073,control,B,B1
S074,control,C,B1
S075,treated,C,B1
S076,control,A,B1
S077,treated,A,B2
S078,treated,C,B2
S079,treated,C,B2
S080,treated,A,B2
S081,treated,B,B1
S082,treated,A,B2
S083,control,B,B1
S084,treated,A,B2
S085,treated,A,B1
S086,control,A,B1
S087,treated,C,B1
S088,control,B,B2
S089,treated,A,B2
S090,treated,B,B2
S091,control,B,B2
S092,control,B,B1
S093,control,B,B2
S094,control,B,B2
S095,control,A,B2
S096,treated,B,B1
S097,treated,C,B1
S098,control,B,B2
S099,treated,C,B1
S100,treated,A,B1
S101,treated,A,B2
S102,control,C,B2
S103,treated,B,B2
S104,control,B,B1
S105,treated,A,B1
S106,treated,A,B2
S107,control,B,B2
S108,treated,A,B1
S109,treated,B,B1
S110,control,C,B2
S111,control,C,B2
S112,treated,C,B1
S113,control,B,B1
S114,control,A,B2
S115,control,A,B1
S116,treated,B,B2
S117,treated,A,B2
S118,treated,A,B1
S119,control,A,B1
S120,control,C,B2
S121,control,A,B2
S122,control,A,B2
S123,control,C,B1
S124,control,B,B1
S125,control,B,B1
S126,control,A,B1
S127,treated,C,B2
S128,treated,C,B1
S129,control,B,B1
S130,control,C,B2
S131,treated,B,B1
S132,control,B,B1
S133,treated,C,B1
S134,control,B,B2
S135,treated,A,B1
S136,treated,B,B2
S137,control,A,B1
S138,control,C,B2
S139,treated,B,B1
S140,treated,A,B1
S141,control,C,B1
S142,control,C,B2
S143,control,B,B1
S144,control,B,B1
S145,treated,B,B1
S146,treated,A,B1
S147,treated,A,B2
S148,treated,A,B2
S149,control,B,B1
S150,control,C,B2
S151,control,A,B2
S152,control,A,B1
S153,treated,B,B2
S154,treated,C,B2
S155,control,C,B1
S156,control,B,B1
S157,treated,C,B2
S158,control,B,B2
S159,control,C,B2
S160,control,B,B1
S161,treated,A,B2
S162,treated,C,B1
S163,control,B,B1
S164,control,B,B1
S165,treated,B,B2
S166,treated,A,B1
S167,treated,A,B1
S168,control,B,B1
S169,treated,B,B2
S170,treated,B,B2
S171,control,A,B2
S172,control,A,B1
S173,control,B,B1
S174,control,A,B1
S175,control,A,B2
S176,treated,B,B2
S177,treated,A,B2
S178,treated,B,B1
S179,control,A,B1
S180,control,A,B2
