sample_id,treatment,peptide,concentration_ng_ul,replicate,batch,collection_date
sample_021,control,SubstanceP,33.66,2,B2,2024-03-10
sample_023,treated,Bradykinin,20.25,3,B3,2024-03-11
sample_014,treated,Neurotensin,14.06,3,B3,2024-03-02
sample_004,control,Neurotensin,35.62,3,B3,2024-03-02
sample_001,control,Bradykinin,11.89,3,B3,2024-03-14
sample_006,control,Neurotensin,NA,3,B3,2024-03-06
sample_038,control,Neurotensin,40.72,3,B3,2024-03-09
sample_017,treated,SubstanceP,50.48,2,B2,2024-03-01
sample_016,treated,Vasopressin,27.01,2,B2,2024-03-06
sample_022,treated,Vasopressin,60.64,2,B2,2024-03-04
sample_003,treated,SubstanceP,22.5,2,B2,2024-03-05
sample_035,treated,SubstanceP,NA,2,B2,2024-03-07
sample_010,control,Neurotensin,31.19,3,B3,2024-03-02
sample_007,control,SubstanceP,8.77,2,B2,2024-03-12
sample_017,treated,Bradykinin,86.02,3,B3,2024-03-01
sample_012,treated,Oxytocin,38.07,1,B1,2024-03-09
sample_022,treated,Oxytocin,23.1,1,B1,2024-03-11
sample_007,treated,Bradykinin,68.89,3,B3,2024-03-02
sample_018,treated,Oxytocin,10.94,1,B1,2024-03-05
sample_028,control,Vasopressin,19.77,2,B2,2024-03-13
sample_028,treated,Oxytocin,21.27,1,B1,2024-03-01
sample_014,control,Oxytocin,29.09,1,B1,2024-03-02
sample_008,treated,Neurotensin,10.48,3,B3,2024-03-12
sample_010,treated,Vasopressin,17.61,2,B2,2024-03-01
sample_037,control,SubstanceP,31.47,2,B2,2024-03-05
sample_008,control,Oxytocin,42,1,B1,2024-03-10
sample_002,control,Oxytocin,24.88,1,B1,2024-03-06
sample_029,control,Bradykinin,14.2,3,B3,2024-03-01
sample_006,control,Vasopressin,NA,2,B2,2024-03-06
sample_038,treated,Oxytocin,24.2,1,B1,2024-03-12
sample_037,treated,Bradykinin,8.23,3,B3,2024-03-12
sample_013,treated,Bradykinin,20.32,3,B3,2024-03-14
sample_003,control,Bradykinin,13.14,3,B3,2024-03-01
sample_021,treated,Bradykinin,25.57,3,B3,2024-03-13
sample_033,control,SubstanceP,12.95,2,B2,2024-03-12
sample_007,treated,AngII,41.3,1,B1,2024-03-04
sample_036,control,Neurotensin,42.2,3,B3,2024-03-03
sample_031,control,AngII,52.89,1,B1,2024-03-03
sample_027,control,Bradykinin,18.9,3,B3,2024-03-12
sample_003,treated,AngII,54.14,1,B1,2024-03-14
sample_017,control,AngII,30.54,1,B1,2024-03-10
sample_023,control,SubstanceP,31.51,2,B2,2024-03-11
sample_015,treated,Bradykinin,NA,3,B3,2024-03-09
sample_039,treated,SubstanceP,4.95,2,B2,2024-03-09
sample_012,treated,Neurotensin,15.14,3,B3,2024-03-11
sample_019,control,Bradykinin,22.37,3,B3,2024-03-10
sample_034,control,Oxytocin,12.18,1,B1,2024-03-08
sample_009,treated,Bradykinin,24.9,3,B3,2024-03-10
sample_009,treated,SubstanceP,33.41,2,B2,2024-03-12
sample_027,treated,AngII,44.15,1,B1,2024-03-13
sample_012,control,Vasopressin,NA,2,B2,2024-03-12
sample_020,control,Oxytocin,12.16,1,B1,2024-03-01
sample_005,control,AngII,59.05,1,B1,2024-03-02
sample_014,treated,Vasopressin,11.5,2,B2,2024-03-12
sample_015,control,AngII,47.96,1,B1,2024-03-11
sample_004,treated,Oxytocin,27.57,1,B1,2024-03-06
sample_026,control,Vasopressin,52.93,2,B2,2024-03-01
sample_029,control,SubstanceP,28.95,2,B2,2024-03-01
sample_025,control,AngII,22.52,1,B1,2024-03-04
sample_010,treated,Oxytocin,NA,1,B1,2024-03-09
sample_024,control,Oxytocin,18.28,1,B1,2024-03-14
sample_033,treated,AngII,13.96,1,B1,2024-03-03
sample_011,control,SubstanceP,NA,2,B2,2024-03-08
sample_024,treated,Vasopressin,13.17,2,B2,2024-03-04
sample_038,treated,Vasopressin,47.36,2,B2,2024-03-13
sample_032,treated,Oxytocin,46.02,1,B1,2024-03-12
sample_013,control,AngII,9.6,1,B1,2024-03-13
sample_018,treated,Vasopressin,12.53,2,B2,2024-03-03
sample_026,treated,Neurotensin,21.24,3,B3,2024-03-14
sample_021,control,AngII,23.77,1,B1,2024-03-06
sample_025,control,SubstanceP,34.07,2,B2,2024-03-11
sample_035,treated,AngII,13.44,1,B1,2024-03-10
sample_015,control,SubstanceP,31.85,2,B2,2024-03-10
sample_019,treated,SubstanceP,16.97,2,B2,2024-03-12
sample_025,treated,Bradykinin,21.72,3,B3,2024-03-01
sample_023,control,AngII,11.57,1,B1,2024-03-01
sample_016,treated,Neurotensin,7.53,3,B3,2024-03-05
sample_040,treated,Neurotensin,27.48,3,B3,2024-03-13
sample_020,control,Neurotensin,26.67,3,B3,2024-03-03
sample_033,control,Bradykinin,25.75,3,B3,2024-03-05
sample_026,treated,Oxytocin,16.84,1,B1,2024-03-09
sample_032,treated,Vasopressin,24.6,2,B2,2024-03-01
sample_011,treated,AngII,NA,1,B1,2024-03-08
sample_040,treated,Vasopressin,25.7,2,B2,2024-03-01
sample_016,treated,Oxytocin,74.29,1,B1,2024-03-12
sample_039,treated,AngII,22.3,1,B1,2024-03-04
sample_009,treated,AngII,36.77,1,B1,2024-03-14
sample_018,treated,Neurotensin,16.37,3,B3,2024-03-14
sample_001,control,AngII,21.21,1,B1,2024-03-01
sample_019,control,AngII,13.28,1,B1,2024-03-14
sample_028,treated,Neurotensin,56.15,3,B3,2024-03-04
sample_031,treated,SubstanceP,10.92,2,B2,2024-03-05
sample_027,control,SubstanceP,12.16,2,B2,2024-03-14
sample_004,control,Vasopressin,NA,2,B2,2024-03-01
sample_002,treated,Neurotensin,18.15,3,B3,2024-03-11
sample_037,control,AngII,44.73,1,B1,2024-03-02
sample_005,control,SubstanceP,NA,2,B2,2024-03-14
sample_030,treated,Neurotensin,53.2,3,B3,2024-03-08
sample_040,control,Oxytocin,NA,1,B1,2024-03-08
sample_034,control,Vasopressin,28.02,2,B2,2024-03-06
sample_029,control,AngII,24.66,1,B1,2024-03-01
sample_035,control,Bradykinin,25.71,3,B3,2024-03-09
sample_032,control,Neurotensin,38.13,3,B3,2024-03-14
sample_022,treated,Neurotensin,21.95,3,B3,2024-03-10
sample_036,control,Vasopressin,19.86,2,B2,2024-03-09
sample_039,control,Bradykinin,25.93,3,B3,2024-03-06
sample_011,control,Bradykinin,11.21,3,B3,2024-03-02
sample_034,control,Neurotensin,NA,3,B3,2024-03-07
sample_030,control,Oxytocin,16.14,1,B1,2024-03-12
sample_005,treated,Bradykinin,32.84,3,B3,2024-03-06
sample_024,treated,Neurotensin,32.33,3,B3,2024-03-04
sample_031,control,Bradykinin,85.53,3,B3,2024-03-13
sample_001,control,SubstanceP,NA,2,B2,2024-03-14
sample_008,control,Vasopressin,22.84,2,B2,2024-03-07
sample_013,treated,SubstanceP,28.27,2,B2,2024-03-14
sample_002,treated,Vasopressin,15.47,2,B2,2024-03-08
sample_030,treated,Vasopressin,45.5,2,B2,2024-03-02
sample_036,control,Oxytocin,13.58,1,B1,2024-03-09
sample_020,control,Vasopressin,84.86,2,B2,2024-03-05
sample_006,treated,Oxytocin,26.31,1,B1,2024-03-06
