 Sample ID ,Treatment,Peptide,Concentration (ng/uL),Replicate,Batch,Collection Date
sample_021,CTRL,SubstanceP,33.66,2,B2,03/10/2024
sample_023,Treated,Bradykinin,20.25,3,B3,"March 11, 2024"
sample_014,Treated,Neurotensin,14.06,3,B3,"March 02, 2024"
sample_004,Control,Neurotensin,35.62,3,B3,"March 02, 2024"
sample_001,Control,Bradykinin,11.89,3,B3,"March 14, 2024"
sample_006,Control,Neurotensin,-999,3,B3,"March 06, 2024"
 SAMPLE_038 ,Control,Neurotensin,40.72,3,B3,"March 09, 2024"
sample_017,treated,SubstanceP,50.48,2,B2,03/01/2024
sample_016,treated,Vasopressin,27.01,2,B2,03/06/2024
sample_022,treated,Vasopressin,60.64,2,B2,03/04/2024
sample_003,treated,SubstanceP,22.5,2,B2,03/05/2024
sample_035,treated,SubstanceP,n/a,2,B2,03/07/2024
sample_010,Control,Neurotensin,31.19,3,B3,"March 02, 2024"
sample_007,CTRL,SubstanceP,8.77,2,B2,03/12/2024
sample_017,Treated,Bradykinin,86.02,3,B3,"March 01, 2024"
sample_012,Treated,Oxytocin,38.07,1,B1,2024-03-09
sample_022,Treated,Oxytocin,23.1,1,B1,2024-03-11
sample_007,Treated,Bradykinin,68.89,3,B3,"March 02, 2024"
sample_018,Treated,Oxytocin,10.94,1,B1,2024-03-05
sample_028,CTRL,Vasopressin,19.77,2,B2,03/13/2024
sample_028,Treated,Oxytocin,21.27,1,B1,2024-03-01
sample_014,control,Oxytocin,29.09,1,B1,2024-03-02
sample_008,Treated,Neurotensin,10.48,3,B3,"March 12, 2024"
 SAMPLE_038 ,Control,Neurotensin,40.72,3,B3,"March 09, 2024"
sample_010,treated,Vasopressin,17.61,2,B2,03/01/2024
sample_037,CTRL,SubstanceP,31.47,2,B2,03/05/2024
sample_008,control,Oxytocin,42,1,B1,2024-03-10
sample_002,control,Oxytocin,24.88,1,B1,2024-03-06
sample_029,Control,Bradykinin,14.2,3,B3,"March 01, 2024"
sample_006,CTRL,Vasopressin,-999,2,B2,03/06/2024
sample_038,Treated,Oxytocin,24.2,1,B1,2024-03-12
sample_037,Treated,Bradykinin,8.23,3,B3,"March 12, 2024"
sample_013,Treated,Bradykinin,20.32,3,B3,"March 14, 2024"
sample_003,Control,Bradykinin,13.14,3,B3,"March 01, 2024"
sample_021,Treated,Bradykinin,25.57,3,B3,"March 13, 2024"
sample_033,CTRL,SubstanceP,12.95,2,B2,03/12/2024
 SAMPLE_007 ,Treated,AngII,41.3,1,B1,2024-03-04
 SAMPLE_036 ,Control,Neurotensin,42.2,3,B3,"March 03, 2024"
sample_031,control,AngII,52.89,1,B1,2024-03-03
sample_027,Control,Bradykinin,18.9,3,B3,"March 12, 2024"
sample_003,Treated,AngII,54.14,1,B1,2024-03-14
sample_017,control,AngII,30.54,1,B1,2024-03-10
sample_023,CTRL,SubstanceP,31.51,2,B2,03/11/2024
sample_015,Treated,Bradykinin,n/a,3,B3,"March 09, 2024"
sample_039,treated,SubstanceP,4.95,2,B2,03/09/2024
sample_012,Treated,Neurotensin,15.14,3,B3,"March 11, 2024"
sample_019,Control,Bradykinin,22.37,3,B3,"March 10, 2024"
 SAMPLE_034 ,control,Oxytocin,12.18,1,B1,2024-03-08
sample_009,Treated,Bradykinin,24.9,3,B3,"March 10, 2024"
sample_009,treated,SubstanceP,33.41,2,B2,03/12/2024
sample_027,Treated,AngII,44.15,1,B1,2024-03-13
sample_012,CTRL,Vasopressin,,2,B2,03/12/2024
sample_020,control,Oxytocin,12.16,1,B1,2024-03-01
sample_005,control,AngII,59.05,1,B1,2024-03-02
sample_014,treated,Vasopressin,11.5,2,B2,03/12/2024
 SAMPLE_015 ,control,AngII,47.96,1,B1,2024-03-11
sample_004,Treated,Oxytocin,27.57,1,B1,2024-03-06
sample_026,CTRL,Vasopressin,52.93,2,B2,03/01/2024
sample_029,CTRL,SubstanceP,28.95,2,B2,03/01/2024
sample_025,control,AngII,22.52,1,B1,2024-03-04
sample_010,Treated,Oxytocin,-999,1,B1,2024-03-09
sample_024,control,Oxytocin,18.28,1,B1,2024-03-14
sample_033,Treated,AngII,13.96,1,B1,2024-03-03
sample_011,CTRL,SubstanceP,-999,2,B2,03/08/2024
 SAMPLE_024 ,treated,Vasopressin,13.17,2,B2,03/04/2024
sample_038,treated,Vasopressin,47.36,2,B2,03/13/2024
sample_032,Treated,Oxytocin,46.02,1,B1,2024-03-12
sample_013,control,AngII,9.6,1,B1,2024-03-13
sample_018,treated,Vasopressin,12.53,2,B2,03/03/2024
sample_026,Treated,Neurotensin,21.24,3,B3,"March 14, 2024"
sample_021,control,AngII,23.77,1,B1,2024-03-06
sample_025,CTRL,SubstanceP,34.07,2,B2,03/11/2024
sample_035,Treated,AngII,13.44,1,B1,2024-03-10
sample_015,CTRL,SubstanceP,31.85,2,B2,03/10/2024
sample_019,treated,SubstanceP,16.97,2,B2,03/12/2024
sample_025,Treated,Bradykinin,21.72,3,B3,"March 01, 2024"
sample_023,control,AngII,11.57,1,B1,2024-03-01
sample_016,Treated,Neurotensin,7.53,3,B3,"March 05, 2024"
sample_040,Treated,Neurotensin,27.48,3,B3,"March 13, 2024"
sample_020,Control,Neurotensin,26.67,3,B3,"March 03, 2024"
sample_033,Control,Bradykinin,25.75,3,B3,"March 05, 2024"
 SAMPLE_026 ,Treated,Oxytocin,16.84,1,B1,2024-03-09
sample_032,treated,Vasopressin,24.6,2,B2,03/01/2024
sample_011,Treated,AngII,-999,1,B1,2024-03-08
sample_040,treated,Vasopressin,25.7,2,B2,03/01/2024
sample_016,Treated,Oxytocin,74.29,1,B1,2024-03-12
sample_039,Treated,AngII,22.3,1,B1,2024-03-04
sample_009,Treated,AngII,36.77,1,B1,2024-03-14
sample_018,Treated,Neurotensin,16.37,3,B3,"March 14, 2024"
sample_001,control,AngII,21.21,1,B1,2024-03-01
sample_019,control,AngII,13.28,1,B1,2024-03-14
sample_033,CTRL,SubstanceP,12.95,2,B2,03/12/2024
sample_028,Treated,Neurotensin,56.15,3,B3,"March 04, 2024"
sample_031,treated,SubstanceP,10.92,2,B2,03/05/2024
sample_027,CTRL,SubstanceP,12.16,2,B2,03/14/2024
sample_004,CTRL,Vasopressin,n/a,2,B2,03/01/2024
sample_002,Treated,Neurotensin,18.15,3,B3,"March 11, 2024"
sample_037,control,AngII,44.73,1,B1,2024-03-02
sample_005,CTRL,SubstanceP,n/a,2,B2,03/14/2024
sample_030,Treated,Neurotensin,53.2,3,B3,"March 08, 2024"
 SAMPLE_040 ,control,Oxytocin,,1,B1,2024-03-08
sample_034,CTRL,Vasopressin,28.02,2,B2,03/06/2024
sample_029,control,AngII,24.66,1,B1,2024-03-01
sample_035,Control,Bradykinin,25.71,3,B3,"March 09, 2024"
 SAMPLE_032 ,Control,Neurotensin,38.13,3,B3,"March 14, 2024"
sample_022,Treated,Neurotensin,21.95,3,B3,"March 10, 2024"
sample_036,CTRL,Vasopressin,19.86,2,B2,03/09/2024
sample_039,Control,Bradykinin,25.93,3,B3,"March 06, 2024"
sample_011,Control,Bradykinin,11.21,3,B3,"March 02, 2024"
sample_016,Treated,Oxytocin,74.29,1,B1,2024-03-12
sample_034,Control,Neurotensin,,3,B3,"March 07, 2024"
 SAMPLE_030 ,control,Oxytocin,16.14,1,B1,2024-03-12
sample_005,Treated,Bradykinin,32.84,3,B3,"March 06, 2024"
sample_024,Treated,Neurotensin,32.33,3,B3,"March 04, 2024"
sample_031,Control,Bradykinin,85.53,3,B3,"March 13, 2024"
sample_001,CTRL,SubstanceP,,2,B2,03/14/2024
sample_008,CTRL,Vasopressin,22.84,2,B2,03/07/2024
sample_029,control,AngII,24.66,1,B1,2024-03-01
sample_013,treated,SubstanceP,28.27,2,B2,03/14/2024
sample_019,treated,SubstanceP,16.97,2,B2,03/12/2024
sample_002,treated,Vasopressin,15.47,2,B2,03/08/2024
sample_030,treated,Vasopressin,45.5,2,B2,03/02/2024
sample_036,control,Oxytocin,13.58,1,B1,2024-03-09
 SAMPLE_020 ,CTRL,Vasopressin,84.86,2,B2,03/05/2024
sample_006,Treated,Oxytocin,26.31,1,B1,2024-03-06
