"baseMean","log2FoldChange","lfcSE","stat","pvalue","padj","gene"
1133.86005631589,2.40826070934985,0.20555703863276,11.7157783813589,1.05814900885126e-31,8.81790840709387e-30,"GENE001"
514.684724428318,1.67549650265218,0.215385865527376,7.77904575376708,7.30736323374261e-15,1.66076437130514e-13,"GENE002"
340.840850090059,1.88501050536647,0.207873386991653,9.06807038960769,1.2114329085909e-19,4.32654610211037e-18,"GENE003"
266.548617256917,1.54076060282229,0.222991739935473,6.90949630362156,4.86377543272093e-12,9.00699154207579e-11,"GENE004"
1083.23455402254,1.70439974216648,0.203726034898732,8.36613613480326,5.95384051455648e-17,1.75112956310485e-15,"GENE005"
1133.27448280733,1.59940128499562,0.20066809830067,7.97038143352096,1.58185366451416e-15,3.76631824884325e-14,"GENE006"
635.87133952568,1.99557605750713,0.187026381696969,10.6700244072543,1.40589450665724e-26,8.78684066660776e-25,"GENE007"
376.174258987595,2.28340010134605,0.183927564242258,12.4146704750491,2.17580838551957e-35,3.62634730919928e-33,"GENE008"
66.7720156019465,1.20839851299575,0.280218781958273,4.31233946757964,1.61536162309363e-05,0.000212547581986004,"GENE009"
92.7584245910947,1.8941800280306,0.248026884727069,7.63699479641074,2.22350483037486e-14,4.83370615298882e-13,"GENE010"
33.1039402150028,0.711438341347813,0.318683134374957,2.23243173110864,0.0255864425847755,0.278113506356255,"GENE011"
905.140277283963,2.46584403222607,0.167153383252682,14.7519839816733,2.98751342407155e-49,1.49375671203577e-46,"GENE012"
492.170858553202,0.838100109435394,0.174453836259202,4.80413688461487,1.55420478440455e-06,2.15861775611743e-05,"GENE013"
391.532196076094,1.57599415559002,0.219667604635061,7.17444958808678,7.25986668797713e-13,1.45197333759543e-11,"GENE014"
24.7269108841028,2.73870244372492,0.446865313056999,6.12869776127731,8.86012521242523e-10,1.42905245361697e-08,"GENE015"
371.380675730057,2.261703161159,0.227202440850059,9.95457246276506,2.40855894073923e-23,1.09479951851783e-21,"GENE016"
151.77509257076,2.10385225562643,0.235476425941444,8.93444958328691,4.09210186805665e-19,1.36403395601888e-17,"GENE017"
788.350206771372,2.4020971818965,0.19689743555593,12.1997382805637,3.11824588892765e-34,3.89780736115957e-32,"GENE018"
80.9408002894304,1.68927917823979,0.266971800103208,6.32755660930008,2.49073608813691e-10,4.15122681356151e-09,"GENE019"
66.8151127499289,2.31355757080127,0.305950653926623,7.56186509526513,3.97330362492178e-14,8.2777158852537e-13,"GENE020"
1162.77212257054,2.19203309046858,0.185135273063928,11.8401699157117,2.41962259391637e-32,2.41962259391637e-30,"GENE021"
360.109097446192,1.05177571491101,0.197380506395303,5.32867066824,9.89342038600398e-08,1.49900308878848e-06,"GENE022"
830.620020474841,1.70992018410279,0.206044827793322,8.29877751562863,1.0518814522688e-16,2.92189292296888e-15,"GENE023"
151.373871042998,0.845980271918317,0.217077079858478,3.89714230756121,9.73344294991501e-05,0.00124787730127115,"GENE024"
573.855508910163,1.65612510628149,0.186996212416561,8.8564633736657,8.25930083746365e-19,2.58103151170739e-17,"GENE025"
56.1379584707023,1.51212013203456,0.293872306200914,5.14550061413667,2.66808328842685e-07,3.92365189474537e-06,"GENE026"
275.747750939976,1.56450834396784,0.227888449208936,6.86523757302611,6.63806877843506e-12,1.18536942472055e-10,"GENE027"
864.249770897241,2.0840429697047,0.21188616756139,9.83567258632347,7.90376975054783e-23,3.2932373960616e-21,"GENE028"
40.5311803258641,1.70821095347129,0.344278712419358,4.96170948667475,6.98754533167101e-07,9.98220761667288e-06,"GENE029"
485.326158086849,2.61729106840515,0.194548616932243,13.453146620501,2.95044645799102e-41,7.37611614497755e-39,"GENE030"
101.025627320586,2.50973897157098,0.272751097111348,9.20157241584403,3.52749475481404e-20,1.35672875185155e-18,"GENE031"
282.654863695537,2.23494037881589,0.206844068792447,10.8049526963159,3.26125060082789e-27,2.32946471487707e-25,"GENE032"
190.643567655553,1.59313711147609,0.242477833266457,6.57023815337957,5.02348504814288e-11,8.66118111748773e-10,"GENE033"
1076.37423429525,1.73860490914108,0.213532537524865,8.14210765859807,3.88455601247334e-16,1.02225158222983e-14,"GENE034"
180.170207936579,1.60374204679445,0.201037010364256,7.97734727495525,1.49511726692541e-15,3.73779316731352e-14,"GENE035"
483.563109414817,1.75744681163709,0.175184089397936,10.0320001529648,1.10260047968367e-23,5.51300239841837e-22,"GENE036"
497.260329341198,1.85751162699631,0.180436663246225,10.2945354540366,7.4578678059308e-25,4.14325989218378e-23,"GENE037"
176.26122458629,1.67428058676348,0.236391761789392,7.08265200990864,1.41421494580941e-12,2.71964412655656e-11,"GENE038"
159.462677599947,1.20863278774079,0.203032283349908,5.9529093984419,2.63417140146405e-09,4.11589281478758e-08,"GENE039"
404.501781563029,1.01090547490534,0.216276154720779,4.67414207641366,2.95184940203015e-06,3.98898567841912e-05,"GENE040"
58.4596168924588,-0.0760218860421397,0.27736517271197,-0.274085910998943,0.784018600798426,0.985525842114686,"GENE041"
137.386181987816,-0.0986966776749141,0.242018580214279,-0.407806200612902,0.683415960986998,0.984160450016126,"GENE042"
250.830766827346,0.0482912821544984,0.208689578354299,0.231402461662521,0.817002152928025,0.98671757600003,"GENE043"
1123.52313157028,0.0371630558235518,0.24092222742855,0.154253329882454,0.8774099941605,0.992833228406797,"GENE044"
45.406332917529,-0.0680503848135716,0.276714492746794,-0.245922734794526,0.805742044356374,0.985525842114686,"GENE045"
154.003345336279,0.108519549200327,0.206862870418791,0.524596555102569,0.599863682022765,0.984160450016126,"GENE046"
197.675621010685,-0.0899974187192959,0.213063468893945,-0.422397228330556,0.672735100626589,0.984160450016126,"GENE047"
288.258281047836,-0.26229436867494,0.216066502398189,-1.21395202756398,0.224766043661108,0.832466828374475,"GENE048"
291.716563329318,-0.156772271230539,0.204876651468225,-0.765203209380123,0.444150548890432,0.953112765859297,"GENE049"
1026.70920055249,-0.14743043083732,0.20277475767091,-0.727065008143615,0.467186133206271,0.9612883399306,"GENE050"
89.6214627055008,0.178711851013728,0.256756726763233,0.696035711572714,0.486406465513324,0.976719810267718,"GENE051"
70.143441826113,0.108880698286258,0.256253899017341,0.42489382094783,0.670914079289154,0.984160450016126,"GENE052"
74.1948419953017,-0.0562499679188413,0.275124207374714,-0.204452993997107,0.837999521434878,0.990543169544773,"GENE053"
59.0475235451612,-0.214539574313652,0.262244636080211,-0.818089466081711,0.413306103362145,0.939332053095784,"GENE054"
75.8726490525906,-0.0552318888303439,0.245426468018572,-0.225044549091438,0.821944617845837,0.987059681106412,"GENE055"
38.7883407810066,-0.118354671111019,0.313432419461132,-0.377608261820843,0.705721626307649,0.984160450016126,"GENE056"
353.177075376893,-0.179580578095692,0.195867053965206,-0.916849334587902,0.359221596442168,0.923457848070045,"GENE057"
117.307888417581,0.0497220636777261,0.22674577243901,0.219285515857193,0.826427644013059,0.987059681106412,"GENE058"
389.082698563764,0.171809602687662,0.182154028259062,0.943210558282645,0.345573213932563,0.923457848070045,"GENE059"
145.858124838116,0.0281517094489617,0.228818454850182,0.123030764574448,0.902082736416318,0.992833228406797,"GENE060"
862.611507728857,-0.333940620844347,0.169484659597441,-1.9703294778272,0.0488006221574298,0.451857612568794,"GENE061"
380.989938904463,0.0892049706195267,0.201072579065364,0.443645628032295,0.657298811589609,0.984160450016126,"GENE062"
259.338815983842,-0.208937113690141,0.243852721401522,-0.856816821601552,0.391546127581699,0.923457848070045,"GENE063"
196.082282982287,-0.0438165764400121,0.205436226203786,-0.213285539993066,0.831104251491599,0.987059681106412,"GENE064"
719.18522700939,0.104906898256385,0.190598119782496,0.550408883236104,0.58203895713004,0.984160450016126,"GENE065"
130.341232791622,-0.134195934866879,0.230734459816423,-0.581603350334615,0.560833885696391,0.984160450016126,"GENE066"
20.3957838878151,-0.185770339553565,0.372009959173407,-0.499369264108789,0.617519267935845,0.984160450016126,"GENE067"
293.348872423097,-0.136178636777501,0.183914468534468,-0.740445479154782,0.459029731684231,0.956311941008815,"GENE068"
229.309745186626,0.0139418431259458,0.227132534348606,0.0613819731547031,0.9510550086241,0.992833228406797,"GENE069"
19.2097911999114,-0.0189032186514721,0.379673013459909,-0.0497881544943361,0.960291206320994,0.992833228406797,"GENE070"
482.311175734656,-0.127037478261343,0.201332226649366,-0.630984320670069,0.528050776473373,0.984160450016126,"GENE071"
45.6262836253815,-0.204525248861856,0.289045122774639,-0.707589344177654,0.47920031202964,0.966129661350081,"GENE072"
190.684683973561,-0.369511152314384,0.224485418586753,-1.64603632004537,0.0997562815741677,0.615779515889924,"GENE073"
156.952594412192,-0.346426556617913,0.207838073601513,-1.66680989009798,0.0955522130320958,0.615779515889924,"GENE074"
176.387789811724,0.0348850149790011,0.217154756010504,0.160645871266636,0.872372324024781,0.992833228406797,"GENE075"
110.83618540912,0.147721748680651,0.243811091903237,0.605886087985193,0.544590398227444,0.984160450016126,"GENE076"
565.350982505776,-0.065212621514204,0.186645678312243,-0.349392614411938,0.726794577233141,0.984160450016126,"GENE077"
303.302365499267,-0.2210836373581,0.200540738509772,-1.10243753464251,0.270271501037307,0.877504873497751,"GENE078"
58.0925701190876,0.0711558270633099,0.273065881641847,0.260581170505357,0.794415511892547,0.985525842114686,"GENE079"
150.047543831901,-0.135872464031192,0.2304306057869,-0.589645909089201,0.555428066195134,0.984160450016126,"GENE080"
43.123661218058,0.23161712854742,0.288238268158437,0.803561338427505,0.421650358768546,0.941022719453776,"GENE081"
362.280226825121,-0.0465388171227318,0.215501359227266,-0.215956025936951,0.829022024935248,0.987059681106412,"GENE082"
371.588034223511,-0.0311028176046463,0.194369394271525,-0.160019110628071,0.872866020096617,0.992833228406797,"GENE083"
25.6024421905955,0.212051731208746,0.364291042486549,0.582094277590083,0.560503179426087,0.984160450016126,"GENE084"
192.305795295068,-0.0885515229139229,0.263867942436349,-0.33559030360531,0.737179836982195,0.984160450016126,"GENE085"
428.92142602665,0.0992610556454987,0.186138760151505,0.533263762822458,0.593851008393243,0.984160450016126,"GENE086"
132.560076982184,0.0655996400685616,0.206642744403495,0.31745435949336,0.750898865594926,0.984160450016126,"GENE087"
124.471968430478,-0.10467151046269,0.272028390451844,-0.384781567426948,0.700399256723619,0.984160450016126,"GENE088"
104.590386888599,-0.173368708346251,0.228094347166905,-0.760074550288573,0.447210024089425,0.955576974550054,"GENE089"
312.218288137333,0.105122041391486,0.185068297546167,0.568017552359352,0.57002304957804,0.984160450016126,"GENE090"
44.5574376445519,-0.0352332007516966,0.297696051291574,-0.118352932794489,0.905788017772323,0.992833228406797,"GENE091"
94.9964729930264,-0.143281306143707,0.224263940159502,-0.638895874396043,0.522890672056855,0.984160450016126,"GENE092"
76.7918702398637,-0.199418162203686,0.251547739308743,-0.79276467660449,0.427914940273205,0.942543921306618,"GENE093"
300.46379061604,-0.210938856985977,0.235755129983662,-0.894737081651607,0.370927651191688,0.923457848070045,"GENE094"
262.585946588721,0.182170157842564,0.211718122165019,0.860437245426616,0.389548062186059,0.923457848070045,"GENE095"
20.5274628072483,-0.021532301998692,0.370661596074183,-0.0580915374744746,0.953675715128225,0.992833228406797,"GENE096"
51.8323628125449,-0.0390948919690996,0.287176850943743,-0.136135248508447,0.891714362627733,0.992833228406797,"GENE097"
43.5058362259847,0.553522500068226,0.293761413581062,1.88425870273627,0.0595299905665903,0.47751673711481,"GENE098"
140.273512832017,-0.169821501621443,0.207189197156487,-0.819644575837509,0.41241875431445,0.939332053095784,"GENE099"
472.624609811029,0.11104031260203,0.177797319626787,0.624533107895628,0.532277534330493,0.984160450016126,"GENE100"
1349.23951682388,-0.126281864463514,0.207618840183375,-0.608238945714071,0.543029007843276,0.984160450016126,"GENE101"
241.738293832464,-0.428677737299804,0.201864283991223,-2.12359377708661,0.0337041263598829,0.351084649582114,"GENE102"
401.777251758288,0.0591215549958229,0.189814374344009,0.311470378363834,0.755443058346032,0.984160450016126,"GENE103"
167.347022793294,-0.213076118842532,0.216733074753774,-0.983126913529943,0.325544979817855,0.923457848070045,"GENE104"
42.7445624312126,-0.0686457284584735,0.283561877830703,-0.242083770158475,0.808715253771276,0.985525842114686,"GENE105"
226.370488532982,0.29191110615527,0.193604468370082,1.50777050040638,0.131613274654303,0.700070609863312,"GENE106"
112.138516115773,0.30432499111586,0.231107843199993,1.31680944662924,0.18790250556059,0.775832688219986,"GENE107"
510.873162519957,-0.115387651505051,0.244230723364243,-0.472453464967892,0.636603149939403,0.984160450016126,"GENE108"
87.2319858046132,-0.0180667149890291,0.25373444185019,-0.0712032424817444,0.94323600084195,0.992833228406797,"GENE109"
41.6150610181951,0.30024330572624,0.283452709138712,1.05923597145551,0.289492326666408,0.896153108412256,"GENE110"
40.63598418298,-0.244812713627787,0.292864959121697,-0.835923540876935,0.403197918055051,0.937669576872211,"GENE111"
450.334718990178,-0.188238223977842,0.223020216537835,-0.844041077979614,0.398646451528413,0.935789792320218,"GENE112"
79.9773352426844,-0.0382691540310097,0.24084866185841,-0.158892948525109,0.873753216378394,0.992833228406797,"GENE113"
141.658210484981,0.0672845448645823,0.207344481065538,0.324506080503366,0.745554919548985,0.984160450016126,"GENE114"
76.242365898425,-0.389744065713551,0.257254963977963,-1.51501086582313,0.12976965244006,0.700070609863312,"GENE115"
25.1498560921237,0.0836156915912217,0.341008700953826,0.245201050170692,0.806300763287321,0.985525842114686,"GENE116"
932.344007061549,-0.414398133518605,0.169847773128545,-2.43982082240771,0.0146945482749894,0.170866840406853,"GENE117"
245.330418545595,-1.88918882414869e-05,0.221001931883524,-8.54829099477899e-05,0.999931794506023,0.999931794506023,"GENE118"
113.204297854068,-0.0640222062134348,0.239712263703352,-0.26707939437201,0.789408032417623,0.985525842114686,"GENE119"
417.651716137173,0.381035102650996,0.194793518012061,1.95609744379381,0.0504536762310224,0.458669783918385,"GENE120"
118.702175040531,0.000314501571205013,0.215829994425809,0.00145717267908804,0.998837344828386,0.999931794506023,"GENE121"
106.918438541663,0.030481536382553,0.224611566131918,0.135707777241759,0.892052299255045,0.992833228406797,"GENE122"
37.7889730799559,0.427008475834387,0.310894726001339,1.37348253322428,0.169602387591622,0.757153516034025,"GENE123"
126.708044038523,-0.368022289028941,0.210039812426156,-1.75215491186142,0.0797471742208687,0.561599818456822,"GENE124"
74.9571091548868,-0.207335581648433,0.260603596026201,-0.795597546656984,0.426265993020841,0.942543921306618,"GENE125"
144.253852280447,-0.180407434561341,0.234529794359675,-0.769230344715467,0.441756579392108,0.952061593517475,"GENE126"
50.3178468808701,0.027167207226172,0.27066199789703,0.100373186621151,0.920048056221139,0.992833228406797,"GENE127"
44.3452281765018,0.039942223443412,0.280342124504183,0.142476709535017,0.886703474781964,0.992833228406797,"GENE128"
83.6755606420687,0.125819660773488,0.238214154137811,0.528178777742566,0.59737525764525,0.984160450016126,"GENE129"
251.367116620745,-0.0772326870555655,0.198109075933355,-0.389849312514823,0.696647976871683,0.984160450016126,"GENE130"
49.2304453724537,-0.13638635688988,0.267577948354974,-0.509707013333353,0.610256738828019,0.984160450016126,"GENE131"
152.741355637614,-0.044235200240542,0.225712706858964,-0.195980106109765,0.84462573707535,0.991355158662165,"GENE132"
84.2999770105376,-0.307152975621317,0.236460961534014,-1.29895849880968,0.193958172054997,0.775832688219986,"GENE133"
170.990434418174,-0.0626827999173706,0.199411645324447,-0.314338712843898,0.753263798603326,0.984160450016126,"GENE134"
786.306701599926,0.0267862606026352,0.187275151539292,0.14303157884251,0.886265241285198,0.992833228406797,"GENE135"
65.5886035712646,-0.0978145451109931,0.272364814564951,-0.35913062143226,0.719497374964998,0.984160450016126,"GENE136"
48.4337004900209,-0.166729185803832,0.283331693693673,-0.588459355288691,0.556224007564079,0.984160450016126,"GENE137"
243.752441111523,-0.235680938642957,0.219076925184173,-1.07579079104212,0.282020831727915,0.888218550721857,"GENE138"
200.793446625747,-0.278011656922896,0.212278339174721,-1.30965626546603,0.190312144938883,0.775832688219986,"GENE139"
108.55264732703,0.108310868639504,0.236890376995691,0.457219368777798,0.647513378025243,0.984160450016126,"GENE140"
309.169014534265,-0.22726809225362,0.241171619044365,-0.942350070684779,0.346013440925128,0.923457848070045,"GENE141"
44.4852467805359,-0.739133809240065,0.301871173434424,-2.44850742398107,0.0143449473731276,0.170773183013424,"GENE142"
65.7543234518098,0.0262351080262248,0.260384444807737,0.100755281466972,0.919744726341786,0.992833228406797,"GENE143"
926.032704950659,-0.223765575826026,0.226261743158259,-0.988967788821079,0.322678901708528,0.923457848070045,"GENE144"
366.715262968644,-0.249063431255787,0.196681167221499,-1.26633085808005,0.205394653597637,0.787055327014575,"GENE145"
291.571163211246,0.175671854884573,0.270854847934004,0.648583018633568,0.516607934574843,0.984160450016126,"GENE146"
852.875727096897,0.352215594541523,0.231331895540379,1.52255526078134,0.127870010059852,0.700070609863312,"GENE147"
145.826286170167,0.0265418374087429,0.209102812499144,0.126931996234395,0.898994222123466,0.992833228406797,"GENE148"
355.042681356286,-0.0111886479443681,0.217940565146655,-0.0513380697936572,0.959056132778109,0.992833228406797,"GENE149"
394.938330436983,-0.273238102015079,0.227377205736229,-1.20169522327604,0.229481632521896,0.843682472506971,"GENE150"
47.2395244998752,-0.138935347468886,0.321812973028381,-0.431726993978682,0.665939845758855,0.984160450016126,"GENE151"
130.574193802089,-0.429531666681808,0.206982870449986,-2.07520393232539,0.0379676383461387,0.387424881083048,"GENE152"
1761.47427842891,0.0567120703904187,0.188359247366479,0.301084609241816,0.763349976867715,0.984160450016126,"GENE153"
593.974389884574,-0.048875934200942,0.196284604298556,-0.249005439706315,0.803356573645078,0.985525842114686,"GENE154"
66.4017871982925,0.0402291746519495,0.256068328628998,0.15710328125051,0.87516345163276,0.992833228406797,"GENE155"
8.48531589104817,-0.467031671656302,0.568007491307241,-0.822228014249341,0.410947137624071,0.939332053095784,"GENE156"
180.207106073341,0.0675976375437338,0.200274304508371,0.337525264210358,0.735720970276687,0.984160450016126,"GENE157"
96.553416109999,-0.197136600796958,0.235073898210861,-0.838615440920314,0.401685143018115,0.937669576872211,"GENE158"
81.4537495242822,-0.215010514744253,0.236303803303334,-0.909890199559136,0.362880418803068,0.923457848070045,"GENE159"
179.392803089014,-0.373336068002464,0.210176815533003,-1.77629519723997,0.0756842744212133,0.541095656300335,"GENE160"
796.016301167153,0.0240676976967839,0.168246307647059,0.143050376756394,0.88625039537846,0.992833228406797,"GENE161"
146.154000375018,0.0335033561709933,0.229027900978439,0.14628504224971,0.883696373388289,0.992833228406797,"GENE162"
154.069754972292,-0.194376100393658,0.221873627602761,-0.876066716417809,0.380993765535259,0.923457848070045,"GENE163"
685.388566347444,0.159758843459463,0.1794108028173,0.890463901564228,0.373216843324947,0.923457848070045,"GENE164"
102.633457259621,-0.138442016893335,0.256931619917922,-0.5388282568629,0.590005364205402,0.984160450016126,"GENE165"
65.9513305722323,-0.112491595235299,0.267309519401968,-0.420828990628423,0.673879960516056,0.984160450016126,"GENE166"
174.852400195021,0.0363306943212647,0.212396268763712,0.171051471538241,0.864183293499305,0.992833228406797,"GENE167"
31.736702856779,0.113584480649475,0.367865344429789,0.308766461340731,0.75749918330991,0.984160450016126,"GENE168"
441.531425303931,-0.0332778139000147,0.175319153303054,-0.189812768730929,0.849455849797656,0.992833228406797,"GENE169"
1355.21112381191,-0.135930041909028,0.173478012413252,-0.783557754773106,0.433299652301921,0.944613212726312,"GENE170"
96.9427937698085,-0.0343996663145384,0.254902104297522,-0.134952461100074,0.892649460934005,0.992833228406797,"GENE171"
358.760748374814,0.208758307769131,0.214118352313321,0.974966907384254,0.329576675402144,0.923457848070045,"GENE172"
92.8039874354026,0.0603110245533046,0.240254835327377,0.251029389153078,0.801791387267821,0.985525842114686,"GENE173"
174.78729813133,-0.11959781615118,0.223985252436791,-0.533953976210692,0.593373376552329,0.984160450016126,"GENE174"
218.788197546275,-0.621496957040239,0.235861139176458,-2.63501210589536,0.00841342824171889,0.102602783435596,"GENE175"
462.774839560959,-0.0111790166499885,0.175221504637907,-0.0637993417137342,0.949130002429183,0.992833228406797,"GENE176"
459.734017367603,-0.26305892718178,0.19784602494395,-1.32961441735463,0.183645345428518,0.775832688219986,"GENE177"
175.068251718779,0.127922618378191,0.219303213127373,0.58331392665867,0.559681989006473,0.984160450016126,"GENE178"
320.227942489525,0.0683947509932156,0.190268815319828,0.359463797986281,0.719248155487838,0.984160450016126,"GENE179"
92.9210753837414,-0.0429677228707521,0.231553780479927,-0.185562605722505,0.852787780492972,0.992833228406797,"GENE180"
296.923055550627,-0.103659203055718,0.183094392723789,-0.566151707398792,0.571290655566002,0.984160450016126,"GENE181"
194.022692734917,-0.287626233678052,0.207166542112513,-1.3883816891718,0.165020849123508,0.757153516034025,"GENE182"
263.729206758805,-0.100793584733951,0.22124699241548,-0.455570417629318,0.648698919755659,0.984160450016126,"GENE183"
74.4977164425569,-0.254177042837686,0.237356658234616,-1.07086544244503,0.284229936230994,0.888218550721857,"GENE184"
93.8324283806226,-0.160256064470838,0.23534909960455,-0.680929159024238,0.495916316500022,0.984160450016126,"GENE185"
323.947911041762,-0.18517381075101,0.2122323589659,-0.872505077233591,0.382932899555343,0.923457848070045,"GENE186"
440.823566507257,-0.207610135094825,0.196689982524083,-1.0555196173725,0.291187742292152,0.896153108412256,"GENE187"
108.23413613213,-0.117238951893219,0.218631921149034,-0.536238950273422,0.591793417306717,0.984160450016126,"GENE188"
76.0033188639869,-0.270394524096957,0.236181629777208,-1.14485840559243,0.252267816544578,0.844541344427829,"GENE189"
238.672675250196,-0.456088403732386,0.234441986929361,-1.94542116668636,0.0517243092608898,0.46141984006393,"GENE190"
86.2129417277493,-0.420261207400307,0.230749598936021,-1.82128683793219,0.0685632661440396,0.519418682909391,"GENE191"
51.817212606764,-0.382944145428968,0.278477628679472,-1.37513432315864,0.169089805073968,0.757153516034025,"GENE192"
257.99223286265,0.222862794658767,0.182440542555035,1.22156397661193,0.221872558269847,0.827882680111368,"GENE193"
370.992892756365,0.305549417747536,0.20262141837593,1.50798183230877,0.131559176867379,0.700070609863312,"GENE194"
486.077433562711,-0.262954237458234,0.196929091439972,-1.33527370453739,0.181786781628038,0.775832688219986,"GENE195"
251.156394727111,-0.332527517651133,0.23338510494992,-1.4248018001084,0.154214501838323,0.757153516034025,"GENE196"
519.040295028868,-0.0891612785777179,0.204647605476821,-0.435682002581831,0.663067465344237,0.984160450016126,"GENE197"
214.398748790015,0.0960297386152333,0.220214407403537,0.436073823449987,0.662783168581728,0.984160450016126,"GENE198"
1479.15744017811,0.00209496007124075,0.211381885896901,0.00991078333108701,0.992092468445946,0.999931794506023,"GENE199"
25.9249888057358,0.283783580448553,0.393747329310899,0.72072509277766,0.471078670662339,0.96138504216804,"GENE200"
160.744817754782,-0.24371916146825,0.199349915694987,-1.22256967412592,0.22149227301991,0.827882680111368,"GENE201"
279.111464329272,-0.233961054668225,0.234103762073818,-0.999390409601587,0.317605603840067,0.923457848070045,"GENE202"
76.8670536401948,-0.361421355271336,0.24642775665087,-1.46664223293395,0.142473404953133,0.719562651278452,"GENE203"
184.891475056802,-0.082247075879959,0.262357583318834,-0.313492275845548,0.753906688145522,0.984160450016126,"GENE204"
432.604074411246,-0.0756370237356687,0.218656480468291,-0.345917137116991,0.729404989248646,0.984160450016126,"GENE205"
49.7776942116352,0.173034426519872,0.282243224618736,0.613068486421997,0.539831056405704,0.984160450016126,"GENE206"
62.2034171996926,0.101202750216058,0.268480381460016,0.376946537641634,0.706213335925646,0.984160450016126,"GENE207"
182.422904786912,0.20267801587385,0.224409908436193,0.903159834992216,0.366441071322806,0.923457848070045,"GENE208"
408.780688017008,-0.0193878477498282,0.217957558964009,-0.0889523989990624,0.92911974018224,0.992833228406797,"GENE209"
214.666021003635,0.0595932610418769,0.213067906602972,0.279691399760745,0.779714277101092,0.985525842114686,"GENE210"
70.8669180794537,-0.277866031787799,0.245014808098838,-1.13407852343238,0.256761611450296,0.844541344427829,"GENE211"
267.231215357331,-0.167308208818022,0.214975184107716,-0.778267545216709,0.436411304279556,0.944613212726312,"GENE212"
85.7525816349777,0.261805871617587,0.227881290885875,1.14886953027092,0.250609783397533,0.844541344427829,"GENE213"
8.65245052179325,-0.630040271549571,0.535204564242861,-1.17719525139116,0.239117583565135,0.844541344427829,"GENE214"
301.973502893255,-0.208491435415628,0.20696364002642,-1.00738195070889,0.313751261578728,0.923457848070045,"GENE215"
230.731507460454,0.2998567954227,0.211596281917821,1.41711750653141,0.156448574972566,0.757153516034025,"GENE216"
284.704695153921,0.166226293419672,0.213235255631641,0.779544137423617,0.435659248170658,0.944613212726312,"GENE217"
231.590762758056,-0.208558683762919,0.193155420898876,-1.07974543397416,0.280255555793484,0.888218550721857,"GENE218"
68.8793642496928,-0.0127425612883868,0.24765149316179,-0.0514536016952748,0.9589640733269,0.992833228406797,"GENE219"
478.806069030979,-0.0624258630499728,0.206099304119484,-0.302892158305309,0.761972047587404,0.984160450016126,"GENE220"
76.5122530919642,-0.0555680706127322,0.243151289755242,-0.22853290504306,0.819231978323812,0.987026479908207,"GENE221"
626.512119769497,0.136350302379514,0.25996682988093,0.5244911531289,0.599936971488269,0.984160450016126,"GENE222"
162.483202258225,0.101911684401314,0.230339734183144,0.442440748500143,0.65817029761788,0.984160450016126,"GENE223"
133.103924333937,-0.0942783010148233,0.23513711588325,-0.400950316417226,0.688456703581307,0.984160450016126,"GENE224"
144.490468590775,0.327069596130483,0.240294179004383,1.36112159472876,0.173475266347431,0.76085643134838,"GENE225"
164.898955264967,-0.111639104946753,0.231784823763445,-0.48164976090363,0.630054770585956,0.984160450016126,"GENE226"
140.091332875392,-0.315596395495846,0.223066681326832,-1.41480741820623,0.157124968509704,0.757153516034025,"GENE227"
219.632282125285,-0.104872934034652,0.196547251694904,-0.533576191629705,0.593634783976484,0.984160450016126,"GENE228"
133.924483664499,-0.0898926318375384,0.215583774506967,-0.416973086416731,0.67669809357987,0.984160450016126,"GENE229"
293.917080300783,0.0841209549587461,0.192153440156987,0.437780114110995,0.661545687693513,0.984160450016126,"GENE230"
587.64624930353,-0.287097296968288,0.17403383342953,-1.64966369648198,0.0990117392615102,0.615779515889924,"GENE231"
306.16486090461,-0.169473361090531,0.187083147050501,-0.905871874417337,0.365003672606225,0.923457848070045,"GENE232"
110.804629040777,-0.171820164420387,0.229741933056405,-0.747883340818773,0.45453052683487,0.956311941008815,"GENE233"
100.379538831171,-0.0672841391257448,0.256044222254329,-0.262783274441207,0.792717627664497,0.985525842114686,"GENE234"
158.522032989393,-0.220160972387094,0.250988823487361,-0.877174406924062,0.380391914880492,0.923457848070045,"GENE235"
152.40520983934,-0.049137793884974,0.196731991156245,-0.249770225961616,0.802765046325754,0.985525842114686,"GENE236"
132.173681000501,0.124083107110895,0.214365318615769,0.578839468586349,0.562697496906765,0.984160450016126,"GENE237"
95.7535205215005,0.323229618221869,0.250694119371642,1.28933865314446,0.197280378660783,0.777119796283464,"GENE238"
147.821945034883,-0.252203477257128,0.218185304983841,-1.15591413122807,0.24771628189429,0.844541344427829,"GENE239"
53.1139512138839,0.103291657646822,0.293549751234878,0.351871044728549,0.724934975196825,0.984160450016126,"GENE240"
189.269142801628,-0.201774578850854,0.199523550413708,-1.01128201875156,0.31188146969722,0.923457848070045,"GENE241"
472.101103087574,-0.0717040974921683,0.19000286017365,-0.377384305829057,0.705888028298194,0.984160450016126,"GENE242"
570.193746050964,-0.0527690595298756,0.221933126296669,-0.237770090524191,0.812059417761126,0.985525842114686,"GENE243"
458.122093546373,-0.0175640287947664,0.201375934992923,-0.0872200980488737,0.930496564300683,0.992833228406797,"GENE244"
57.7339592170893,0.0887829942560133,0.306769555538997,0.289412663848017,0.772265605117165,0.985525842114686,"GENE245"
971.969059031538,-0.365478500109642,0.221742232013118,-1.64821331864297,0.099308904718302,0.615779515889924,"GENE246"
75.9157600178891,-0.10560954946104,0.249869022465108,-0.422659633511742,0.672543611062833,0.984160450016126,"GENE247"
197.796317542009,0.0507548154544097,0.213295363139677,0.237955550028403,0.811915569955188,0.985525842114686,"GENE248"
48.8522877937312,-0.46248950275526,0.274362982388389,-1.6856847768937,0.0918565305270903,0.61235355942098,"GENE249"
172.415519343485,0.431527250610634,0.240352351049342,1.79539433971273,0.0725908936622711,0.533756571046111,"GENE250"
806.503545646204,0.156367372283798,0.170935392105676,0.914774701468076,0.360309918507517,0.923457848070045,"GENE251"
169.1020645292,-0.0435466693734554,0.222212269742018,-0.195968788870263,0.844634595180164,0.991355158662165,"GENE252"
400.285857428114,0.00822723446737405,0.190307095299327,0.0432313595792827,0.965517107119954,0.992833228406797,"GENE253"
117.786941787616,-0.0642596071451189,0.212225820994883,-0.302788825807715,0.762050799643468,0.984160450016126,"GENE254"
185.770493514286,-0.40465786794687,0.208782924177161,-1.93817511437622,0.052601861767288,0.46141984006393,"GENE255"
27.9494637733644,0.154427478500248,0.351843988463149,0.438908958413034,0.660727505301378,0.984160450016126,"GENE256"
165.983166376791,-0.0449184785926303,0.260046153739156,-0.172732716661084,0.862861526138834,0.992833228406797,"GENE257"
128.68607673207,-0.458547303388031,0.247852972776333,-1.85007788388252,0.0643023250154923,0.502361914183534,"GENE258"
252.463912168712,0.0611908268103312,0.208120082907677,0.294016925014756,0.76874497038892,0.985525842114686,"GENE259"
41.0702843072842,-0.021179541547948,0.286017628881255,-0.0740497766896075,0.940970777876849,0.992833228406797,"GENE260"
127.863727909102,0.0931518323325575,0.223836565985694,0.416160031415561,0.67729290447693,0.984160450016126,"GENE261"
116.778189645126,-0.0395342675081144,0.259520816059144,-0.152335631909791,0.87892222266388,0.992833228406797,"GENE262"
254.304509809655,0.00793229868699349,0.209985002729825,0.0377755486528697,0.969866639802105,0.992833228406797,"GENE263"
72.2384391310781,-0.107137599511426,0.24640818201159,-0.43479724835755,0.66370960239068,0.984160450016126,"GENE264"
11.7369893372841,0.216984524921373,0.479653526672005,0.452377628549682,0.65099696061064,0.984160450016126,"GENE265"
279.400015849574,-0.303752769451072,0.198036098134201,-1.53382525869214,0.125072647243648,0.694848040242489,"GENE266"
80.3347521194487,0.16935014147809,0.252263826585377,0.671321543680677,0.502015713190418,0.984160450016126,"GENE267"
342.562918532409,-0.0161822448164638,0.195678397481049,-0.0826981671189895,0.934091542309172,0.992833228406797,"GENE268"
234.943192721872,0.00693394154601558,0.202109446746467,0.0343078547669954,0.972631661360019,0.992833228406797,"GENE269"
376.268310252826,0.0850572902743161,0.192111777988233,0.442748961906572,0.657947323441826,0.984160450016126,"GENE270"
351.513204077663,-0.0347180904015837,0.197112802812293,-0.176133107064817,0.860189371816091,0.992833228406797,"GENE271"
128.271225941414,-0.383866909483501,0.235638850532863,-1.62904762357922,0.103302937699248,0.629895961580782,"GENE272"
31.2755550183929,0.161807261018341,0.344652792075565,0.469479037276636,0.638727265275871,0.984160450016126,"GENE273"
65.2123742046634,0.320754111207789,0.268975342430058,1.19250377491831,0.233063771463751,0.844433954578808,"GENE274"
284.120297008928,-0.0628547960609852,0.188223954834308,-0.333936220372777,0.738427687197111,0.984160450016126,"GENE275"
140.584516483348,-0.323912397327106,0.230076716713471,-1.40784518291998,0.159176917917303,0.757153516034025,"GENE276"
76.9607625796747,0.0871025052877063,0.255087177190197,0.34146171613621,0.732756020918773,0.984160450016126,"GENE277"
29.7477950324028,-0.473686019228745,0.319525843313168,-1.48246543790351,0.138216493345774,0.719562651278452,"GENE278"
59.5186950135739,-0.490284421870752,0.258581393541384,-1.89605452718811,0.0579528346742678,0.47751673711481,"GENE279"
129.034101015712,-0.186832971062718,0.210913627446903,-0.885826929840047,0.375710795886254,0.923457848070045,"GENE280"
294.414035396436,0.192537015492063,0.222547594965761,0.865149836922231,0.386956553963338,0.923457848070045,"GENE281"
173.689972907413,0.0955736400785177,0.244811053900531,0.390397568066311,0.696242585885058,0.984160450016126,"GENE282"
562.721063938044,0.19646145879285,0.19735974398605,0.995448488252681,0.319518185764148,0.923457848070045,"GENE283"
189.12398777039,-0.0229871653718701,0.198841942187289,-0.115605214468376,0.90796543007134,0.992833228406797,"GENE284"
240.584843861225,0.277921475859033,0.236775032284099,1.17377864202153,0.240483700961306,0.844541344427829,"GENE285"
103.44342415406,0.121227707560571,0.241751085340916,0.501456725166782,0.616049726429972,0.984160450016126,"GENE286"
65.141481632368,-0.438834768231578,0.25397138465596,-1.72789060006127,0.0840078399056596,0.583387777122636,"GENE287"
168.925784954686,-0.255254043941427,0.216242394915193,-1.18040703369723,0.237838365804574,0.844541344427829,"GENE288"
401.725552512756,0.436983922662586,0.214808665846884,2.03429373270289,0.0419219887104913,0.410999889318543,"GENE289"
2026.89279630205,-0.385544769668547,0.192298322891837,-2.00493048441929,0.0449704791979341,0.432408453826289,"GENE290"
80.867222412036,0.138622567194448,0.2391020623559,0.57976315983469,0.56207434427325,0.984160450016126,"GENE291"
305.878259360496,-0.160419027560505,0.176770431743555,-0.9074992122734,0.364142865855315,0.923457848070045,"GENE292"
776.545645706542,0.202302622078363,0.232110636092254,0.871578422618927,0.383438406180313,0.923457848070045,"GENE293"
90.1777824713773,0.075005683603772,0.229893746251078,0.326262392200328,0.744225839427143,0.984160450016126,"GENE294"
187.0931945439,-0.205536569497346,0.205227534429324,-1.00150581679442,0.316582329366027,0.923457848070045,"GENE295"
302.641958976055,-0.316225744415607,0.232021747008112,-1.36291424615707,0.172909538344906,0.76085643134838,"GENE296"
586.388790730529,-0.112896901241357,0.203192016549917,-0.555616815848776,0.578472833376393,0.984160450016126,"GENE297"
37.0136578769661,-0.288156885926163,0.295425827162748,-0.975395038049327,0.3293643440315,0.923457848070045,"GENE298"
44.6351872364991,0.189485428425146,0.281246491284491,0.673734372861827,0.500480204715452,0.984160450016126,"GENE299"
177.962542588872,-0.138942683792276,0.240161098113843,-0.57853950903578,0.562899931232535,0.984160450016126,"GENE300"
294.234501029425,-0.147179253218951,0.205440491774159,-0.71640820145984,0.473739332224596,0.962884821594708,"GENE301"
71.3302603196085,0.362323206400333,0.241638661855776,1.49944219860226,0.133758953186492,0.703994490455221,"GENE302"
117.168727476356,-0.272565226644918,0.212918770466493,-1.28013714360525,0.200496907441134,0.777119796283464,"GENE303"
449.584069280797,-0.165495829094167,0.191825336614378,-0.862742284283643,0.38827917832705,0.923457848070045,"GENE304"
778.972993242705,-0.102583843409524,0.191329285060327,-0.536163835960492,0.591845324833571,0.984160450016126,"GENE305"
237.541306823863,-0.30196843099314,0.235541757587542,-1.28201654808876,0.199836841302014,0.777119796283464,"GENE306"
133.686243733013,-0.190358079412379,0.214269766203052,-0.888403822833253,0.374323569774844,0.923457848070045,"GENE307"
298.206006116583,-0.26593899588846,0.180539267672206,-1.47302578168927,0.140744084054934,0.719562651278452,"GENE308"
177.08131948929,-0.145110185986,0.235728135391818,-0.615582801538748,0.538169905079415,0.984160450016126,"GENE309"
515.676656667989,0.232848686100797,0.225093146112443,1.03445480292181,0.300923595714224,0.917449986933611,"GENE310"
215.698663705447,-0.280438202851128,0.257674263265122,-1.08834386212093,0.276443333873112,0.888218550721857,"GENE311"
39.9389601466939,-0.103299837679166,0.292417627929994,-0.353261321522986,0.723892539511457,0.984160450016126,"GENE312"
27.085563161698,0.35676947517684,0.338675487441065,1.05342573763602,0.292145913342395,0.896153108412256,"GENE313"
62.540418739254,0.0696599257053572,0.26531968736179,0.262550911310131,0.792896739969716,0.985525842114686,"GENE314"
2891.42685329758,0.284597117947836,0.196740433964622,1.44656140180626,0.148019803188968,0.74009901594484,"GENE315"
94.8401659196428,0.254771054964942,0.219886328527064,1.15864891042366,0.246599323587187,0.844541344427829,"GENE316"
137.62415863572,-0.058452796051118,0.238334284303323,-0.24525550833772,0.806258599023971,0.985525842114686,"GENE317"
149.719065179994,-0.233153469525724,0.265461913548567,-0.878293486282234,0.379784469769113,0.923457848070045,"GENE318"
399.059273208365,-0.181961044647429,0.251838191111674,-0.722531574119913,0.469967720334986,0.96138504216804,"GENE319"
75.7150384566387,-0.30917639718858,0.237414234567411,-1.3022656276357,0.192825597416888,0.775832688219986,"GENE320"
49.9143180313825,0.20049075623822,0.273802027810743,0.732247156243865,0.464017726686128,0.959100893437488,"GENE321"
177.477821486883,0.617501794819238,0.199806690943528,3.09049607850102,0.00199822443335537,0.0249778054169421,"GENE322"
213.337228406345,-0.290532473114347,0.220092994495296,-1.32004416487939,0.186820272908126,0.775832688219986,"GENE323"
82.7387190934175,0.0699238323516399,0.244419359099969,0.286081399644946,0.774815777399584,0.985525842114686,"GENE324"
2120.74681892465,0.191642499256668,0.169471373674754,1.13082519543663,0.258128673073736,0.844541344427829,"GENE325"
120.584224708984,-0.00447506600269676,0.224470938620112,-0.0199360595639074,0.984094379483147,0.996046942796708,"GENE326"
53.4584033706851,0.0298245622318351,0.265338646050359,0.112401878413801,0.910504766008719,0.992833228406797,"GENE327"
306.034613135288,-0.201242754551326,0.187711529350972,-1.07208521099977,0.283681760792393,0.888218550721857,"GENE328"
19.735390274686,-0.237990860202182,0.377376671758881,-0.630645394939098,0.528272410158664,0.984160450016126,"GENE329"
102.83174636035,-0.0449704288769552,0.223830877989039,-0.200912533967531,0.84076696686053,0.991355158662165,"GENE330"
166.621790945546,-0.151507945905471,0.20127821895476,-0.752728967357988,0.451612799185678,0.956311941008815,"GENE331"
82.1833671502631,0.112430242641267,0.270864582545165,0.415079157211407,0.678083956887725,0.984160450016126,"GENE332"
599.024337061045,-0.415703880784466,0.219578247660849,-1.8931924505862,0.0583322810080285,0.47751673711481,"GENE333"
95.909201346659,-0.277913370221519,0.23231706393022,-1.19626757294502,0.231592158738908,0.844433954578808,"GENE334"
475.051824650595,0.0133189668080207,0.168490258283235,0.0790488835599698,0.936993741222591,0.992833228406797,"GENE335"
36.56658259559,0.127411511320672,0.309120328089824,0.412174482694159,0.680211538889893,0.984160450016126,"GENE336"
539.126905900684,-0.10287669785833,0.168696283210401,-0.609833814358677,0.54197189939368,0.984160450016126,"GENE337"
18.1997237962038,0.0893335998298822,0.383963989811741,0.232661401069623,0.81602434419503,0.98671757600003,"GENE338"
163.398574995673,0.0168878096059446,0.228862033903193,0.0737903500983829,0.941177205598273,0.992833228406797,"GENE339"
226.460634016413,-0.169663467707336,0.195456529867701,-0.868036835720846,0.385374167637974,0.923457848070045,"GENE340"
76.1260114980776,0.0188511773038141,0.263907049237555,0.0714311245503915,0.943054639060798,0.992833228406797,"GENE341"
31.8245147623163,-0.159047273965681,0.342450135559338,-0.46443922034343,0.642333095940922,0.984160450016126,"GENE342"
215.023400216273,0.0455105504008721,0.185929323176867,0.244773388206119,0.806631900342127,0.985525842114686,"GENE343"
151.234831337327,0.0711023759062772,0.224924345849882,0.31611685092432,0.751913816890808,0.984160450016126,"GENE344"
276.170595510005,0.32045314813967,0.190816185746683,1.67938137368015,0.093077741031989,0.61235355942098,"GENE345"
668.998592695104,0.0128094058796343,0.189677309351637,0.0675326211839463,0.946157693344052,0.992833228406797,"GENE346"
50.1949974448824,0.389936680318813,0.298225910641223,1.30752113215247,0.191035782714316,0.775832688219986,"GENE347"
275.642508035058,-0.0783695284976785,0.190060406101927,-0.412340108626569,0.680090154482086,0.984160450016126,"GENE348"
54.6902408245301,-0.102610233062515,0.281352170549112,-0.364703897120296,0.715332449219485,0.984160450016126,"GENE349"
600.968727555245,-0.0651262672967855,0.181987662651167,-0.357860892040904,0.720447418741528,0.984160450016126,"GENE350"
94.597599185458,-0.0828223808464251,0.271061247847236,-0.305548585436683,0.759948372113819,0.984160450016126,"GENE351"
295.256590773839,0.0327176233942147,0.201162192797385,0.162643004330185,0.870799525224987,0.992833228406797,"GENE352"
276.545287562314,-0.0330294006617624,0.190997444810324,-0.172931112741133,0.862705575639142,0.992833228406797,"GENE353"
73.4269609075451,-0.165344791177913,0.252236237797936,-0.655515609578545,0.512135839662648,0.984160450016126,"GENE354"
20.3924233177148,-0.091428634312704,0.38455431332177,-0.23775220078263,0.812073293902501,0.985525842114686,"GENE355"
92.1118236340892,0.154914950266634,0.265947904685708,0.582501112199811,0.560229192585384,0.984160450016126,"GENE356"
290.356920687906,-0.0533746219361988,0.196820632177463,-0.27118407936051,0.786249457179978,0.985525842114686,"GENE357"
292.761641766411,0.407569611000112,0.204837242430019,1.98972416424399,0.0466213293024062,0.439823861343454,"GENE358"
477.443200498543,0.00816831913180998,0.17612149793072,0.0463788874599687,0.963008263768486,0.992833228406797,"GENE359"
54.6365352029839,0.01962788229191,0.300120480918475,0.065400009462339,0.947855516547725,0.992833228406797,"GENE360"
124.201302632297,0.136343472543727,0.227280632889454,0.599890412176222,0.548579272619289,0.984160450016126,"GENE361"
232.108052950973,-0.0663996529764685,0.199325899505794,-0.333121050205211,0.739042910215424,0.984160450016126,"GENE362"
78.5294538314849,-0.0804466905544555,0.23986215788929,-0.335387170958356,0.73733304421969,0.984160450016126,"GENE363"
72.4718731632967,0.322519513098437,0.25550991564619,1.2622583052512,0.206855854596906,0.787055327014575,"GENE364"
246.869684373642,0.00385743109427943,0.182784764911987,0.0211036794895725,0.98316294974137,0.996046942796708,"GENE365"
87.4308210890105,-0.0251830071755327,0.242661087052441,-0.103778514641247,0.917345117221568,0.992833228406797,"GENE366"
169.314755760741,-0.0843950914531677,0.2171136512327,-0.388713887744968,0.697487807825519,0.984160450016126,"GENE367"
151.63989536924,-0.101604080670949,0.24163365175217,-0.420488122967072,0.67412890406128,0.984160450016126,"GENE368"
269.037645334692,-0.344881599565177,0.216606163336099,-1.59220584610069,0.111338460095539,0.658710700380461,"GENE369"
72.1548767766693,0.0512941880418757,0.237683918303343,0.215808408107829,0.829137094030827,0.987059681106412,"GENE370"
797.915502275122,-0.0933455686198762,0.177355002700619,-0.526320471362438,0.598665561819767,0.984160450016126,"GENE371"
90.1744841699732,0.0955262485409658,0.253085225448277,0.377446958319139,0.70584147532866,0.984160450016126,"GENE372"
106.787573142551,0.0167794897717968,0.217381066299982,0.0771892881813421,0.93847296301574,0.992833228406797,"GENE373"
137.593368588087,-0.12366702153768,0.213946562457866,-0.57802761641489,0.563245474400496,0.984160450016126,"GENE374"
150.570699279085,-0.365262041277682,0.248768030553532,-1.46828368767859,0.142027180013443,0.719562651278452,"GENE375"
133.412377115638,0.053290114464378,0.223020793115917,0.238946843116462,0.811146801855942,0.985525842114686,"GENE376"
119.422987011308,-0.104039908048782,0.234906709770628,-0.442898834819878,0.657838910243814,0.984160450016126,"GENE377"
89.7564574577914,0.223858381008186,0.256588884036472,0.872439902643507,0.382968440101671,0.923457848070045,"GENE378"
1493.11384768796,-0.138878457185871,0.18746786366577,-0.740812075575112,0.458807392355489,0.956311941008815,"GENE379"
59.5758369812516,-0.252917374363511,0.25736767697544,-0.982708385667429,0.325750982370247,0.923457848070045,"GENE380"
164.022377535127,-0.0690666762232962,0.229751682183822,-0.300614452816222,0.763708509212514,0.984160450016126,"GENE381"
110.106003545247,-0.0199242356492891,0.220672814464294,-0.0902885826587078,0.928057892812516,0.992833228406797,"GENE382"
210.534470905313,0.316250876483396,0.196018899210831,1.61336931161544,0.106664296275438,0.642556001659265,"GENE383"
155.274876597672,0.169212532254999,0.210125762338167,0.805291699466514,0.420651370585372,0.941022719453776,"GENE384"
665.43658594308,-0.230472340683435,0.176195726647298,-1.30804727826791,0.190857273922832,0.775832688219986,"GENE385"
229.764854783921,-0.00583536978845586,0.205435036229016,-0.0284049395642069,0.977339184589769,0.995253752128074,"GENE386"
36.4889311703577,-0.277936466191497,0.309226115283565,-0.898813044741145,0.36875225062844,0.923457848070045,"GENE387"
323.985970177289,-0.156260571020718,0.235574747810986,-0.663316303944827,0.507127996762994,0.984160450016126,"GENE388"
136.618175440469,-0.180244267532434,0.204467157610933,-0.881531633923376,0.378030139900721,0.923457848070045,"GENE389"
494.921066457396,-0.0872258112772289,0.194084356934913,-0.449422161861713,0.653127147185405,0.984160450016126,"GENE390"
158.276736792429,0.275874988555868,0.243832603516292,1.13141140510947,0.257881973356879,0.844541344427829,"GENE391"
336.067152189933,0.0254804026110194,0.21173958103128,0.120338401006164,0.904215085522356,0.992833228406797,"GENE392"
342.113535501036,-0.144735598548751,0.197742277529439,-0.731940586287645,0.464204832423744,0.959100893437488,"GENE393"
43.7074033786948,0.0849347784741452,0.293219414730883,0.289662874308983,0.772074161183209,0.985525842114686,"GENE394"
583.94487281157,-0.0347788405291445,0.193387737301837,-0.179839947529156,0.857278221275166,0.992833228406797,"GENE395"
288.360029045322,-0.263989413163083,0.209567609157391,-1.25968614245544,0.207782606331848,0.787055327014575,"GENE396"
96.6426710057749,0.110290342102118,0.228974769382865,0.481670283583528,0.63004018926869,0.984160450016126,"GENE397"
129.911955320501,-0.127092221427917,0.215065063287716,-0.590947778709609,0.554555411360524,0.984160450016126,"GENE398"
43.2543002928715,0.331368300870168,0.292607192263355,1.1324680651456,0.25743770304768,0.844541344427829,"GENE399"
121.86369362332,-0.2291711433951,0.242023122765957,-0.946897721077317,0.343690899322139,0.923457848070045,"GENE400"
1203.26701074953,0.0617606705214537,0.222365435826147,0.277744022095864,0.7812088648278,0.985525842114686,"GENE401"
343.69073722401,0.00121417776378743,0.210105273158031,0.0057789019073033,0.995389129053666,0.999931794506023,"GENE402"
198.256001354756,0.057452373816984,0.188891939346099,0.304154714149641,0.761010024218672,0.984160450016126,"GENE403"
64.0308531163396,-0.514723242442002,0.268464221168389,-1.91728804755384,0.0552013475522422,0.475873685795191,"GENE404"
361.946769397726,-0.233820163692026,0.230271454574641,-1.01541098146073,0.309909960543748,0.923457848070045,"GENE405"
20.1020122075445,0.605925969665789,0.39264914735819,1.54317403652233,0.12278855503177,0.693131800803616,"GENE406"
201.178091910144,-0.404471331208529,0.235086989587937,-1.72051771949392,0.0853383755533583,0.584509421598344,"GENE407"
133.582141294909,-0.265232965084541,0.203363557861471,-1.30423055081095,0.19215498631057,0.775832688219986,"GENE408"
212.161556697461,-0.00223720004158876,0.216811430298337,-0.0103186443561132,0.991767059079704,0.999931794506023,"GENE409"
283.339283687314,-0.257511253579929,0.261131199588804,-0.986137443497464,0.324065671679248,0.923457848070045,"GENE410"
551.624292915192,-0.224459247106799,0.198617073532418,-1.13011053438043,0.258429651394916,0.844541344427829,"GENE411"
149.144263952846,0.263105368551275,0.22766487379099,1.15566957770052,0.247816336435993,0.844541344427829,"GENE412"
319.668557546241,0.15845917478004,0.195496335303721,0.810548057250586,0.417625256449451,0.941022719453776,"GENE413"
287.992569768506,-0.250897448742381,0.182127563971047,-1.37759185524639,0.168329337019569,0.757153516034025,"GENE414"
310.251292557917,-0.11686563971906,0.192481371828458,-0.60715298633268,0.543749389046312,0.984160450016126,"GENE415"
164.493043247104,-0.327291909570936,0.206979104830351,-1.58127995499448,0.11381404076828,0.661709539350463,"GENE416"
50.5346449829925,0.311509057997548,0.271865416107876,1.1458208346513,0.251869292595277,0.844541344427829,"GENE417"
61.2997172184443,-0.0532077682205148,0.257578216383453,-0.206569363541617,0.8363461885381,0.990543169544773,"GENE418"
26.8945886136697,-0.318096869754558,0.329175917200624,-0.966343080197711,0.333872535903663,0.923457848070045,"GENE419"
284.631597594098,-0.348699523307739,0.192672094731541,-1.80980812916161,0.0703255468558472,0.524817513849606,"GENE420"
29.6545784179497,-0.762220222641983,0.323447011994361,-2.35655360654644,0.0184454051333729,0.209606876515601,"GENE421"
714.719668029323,0.14434609894577,0.209406826656763,0.689309423433295,0.490628569065198,0.981257138130396,"GENE422"
128.956887929648,-0.272615628862411,0.229442031457657,-1.18816777872158,0.234767315366973,0.844486745924364,"GENE423"
111.24343683613,-0.361233169568366,0.231990880211045,-1.55710073275185,0.119446571109576,0.686474546606759,"GENE424"
348.394556693473,-0.193541370813217,0.216456812493302,-0.894133885572237,0.371250260991913,0.923457848070045,"GENE425"
113.396715836303,-0.309337376020205,0.223810270218677,-1.38214111317574,0.166928376905959,0.757153516034025,"GENE426"
589.701389430429,0.00627845240462893,0.18533995008782,0.0338753323374372,0.972976563838661,0.992833228406797,"GENE427"
46.2167465140246,-0.529582376103535,0.298209130733455,-1.7758757915997,0.0757533918820469,0.541095656300335,"GENE428"
317.150047611341,-0.375938112953396,0.200013144004837,-1.87956703957569,0.0601671088764661,0.47751673711481,"GENE429"
552.392686710965,-0.0543330383673397,0.174686113709563,-0.311032383820016,0.755776003036762,0.984160450016126,"GENE430"
1323.53341579994,-0.474544065008648,0.231062050863419,-2.05375163613151,0.0399997360735105,0.399997360735105,"GENE431"
619.450213051199,0.000702923901277461,0.191440288813635,0.00367176577946844,0.997070361356511,0.999931794506023,"GENE432"
393.278134334534,0.542261661065282,0.235479754973283,2.30279524932751,0.021290365954331,0.236559621714789,"GENE433"
58.0595763634098,-0.200415201106973,0.282313347398594,-0.709903385559767,0.477764050836533,0.966129661350081,"GENE434"
420.479497068669,0.0263804942333051,0.20719353072026,0.127322962940008,0.89868478641374,0.992833228406797,"GENE435"
391.819243190956,0.12508801783261,0.207485931649206,0.602874695350889,0.546592050987997,0.984160450016126,"GENE436"
26.6763438367307,-0.0498269492180674,0.339061021409126,-0.146955698449171,0.883166988101176,0.992833228406797,"GENE437"
64.8735054001439,0.414200106754509,0.268830053972965,1.54075074804011,0.123377460543044,0.693131800803616,"GENE438"
71.6360170388523,0.0982050517297428,0.247146785974943,0.397355164228999,0.691105573393703,0.984160450016126,"GENE439"
138.248158983748,-0.286187761602093,0.207081488453099,-1.38200552709911,0.166970004031351,0.757153516034025,"GENE440"
78.1773547666438,-0.320257988884414,0.246162712903938,-1.30100121625403,0.193258038413472,0.775832688219986,"GENE441"
720.067692402734,-0.024302066782001,0.201575174697286,-0.120560812205652,0.904038909695959,0.992833228406797,"GENE442"
119.180684947876,-0.451803390857138,0.237169735949109,-1.9049791030424,0.0567827875367407,0.47751673711481,"GENE443"
104.720002288516,0.108756396850817,0.243427983721944,0.446770314521622,0.655040907007646,0.984160450016126,"GENE444"
257.979360644828,-0.195791903076685,0.202334265680235,-0.967665572701905,0.333211417167552,0.923457848070045,"GENE445"
95.9854515139836,-0.318426136896901,0.22695256375959,-1.40305150830642,0.160601479799123,0.757153516034025,"GENE446"
45.1907102048864,-0.014438792325805,0.294109039232604,-0.0490933307030583,0.96084491832846,0.992833228406797,"GENE447"
84.9749730125717,-0.529324955190723,0.238963956414417,-2.21508282308799,0.0267543802030621,0.284621065990022,"GENE448"
163.668122349239,0.0054986837270894,0.230388490446353,0.0238670070559354,0.980958691337541,0.996046942796708,"GENE449"
103.82817378046,-0.197444576432233,0.219369007031526,-0.900056845331199,0.36809000005905,0.923457848070045,"GENE450"
52.4155553711206,-0.250478902368904,0.27042051621251,-0.926257023235861,0.354312424615191,0.923457848070045,"GENE451"
383.453957989717,0.141979141254855,0.190131461855721,0.746741964055344,0.455219333771099,0.956311941008815,"GENE452"
73.0607814456432,-0.0743232020961515,0.239319201633055,-0.310560964556912,0.756134406450474,0.984160450016126,"GENE453"
15.0901252777995,-0.162595692298507,0.425044686088148,-0.382537878063924,0.702062438707165,0.984160450016126,"GENE454"
364.501288334358,-0.184845186555012,0.208246868500196,-0.887625287651509,0.374742346498511,0.923457848070045,"GENE455"
325.939606131167,-0.351893347706016,0.221406726879826,-1.5893525579149,0.111980819064678,0.658710700380461,"GENE456"
238.423596559038,0.121487235314862,0.210012946843154,0.578474980428677,0.562943484380194,0.984160450016126,"GENE457"
347.776804881347,-0.0860520161053718,0.227653251219267,-0.377995990149465,0.705433572778143,0.984160450016126,"GENE458"
35.3066669804619,-0.162106096544804,0.308622708017357,-0.525256542482566,0.599404863201596,0.984160450016126,"GENE459"
510.907325077221,0.0179232617406943,0.226657323425436,0.0790764731084922,0.936971796641849,0.992833228406797,"GENE460"
315.050390238103,0.125762119296129,0.216235442473498,0.581598085205401,0.560837432988894,0.984160450016126,"GENE461"
280.437438688723,0.0652120285458162,0.211339609587211,0.308565103688744,0.75765236949126,0.984160450016126,"GENE462"
244.243679623334,0.0651251375767273,0.191694237307499,0.339734456765434,0.734056510744927,0.984160450016126,"GENE463"
484.239735338279,-0.253151050319493,0.235812052519344,-1.07352888715782,0.283033884866774,0.888218550721857,"GENE464"
30.4120518476281,0.21561707934668,0.322410617511728,0.668765442685327,0.503645114096123,0.984160450016126,"GENE465"
145.141602714187,0.0932963949875698,0.235339643413384,0.39643297505848,0.691785643943746,0.984160450016126,"GENE466"
177.994639579809,0.189060026678534,0.251169816785713,0.75271793839716,0.451619428072996,0.956311941008815,"GENE467"
520.851969129,-0.105290491661485,0.186175825807338,-0.565543304050891,0.571704278594639,0.984160450016126,"GENE468"
1077.13532289055,0.0880725879875087,0.228167274437909,0.386000087893743,0.69949660371065,0.984160450016126,"GENE469"
93.1625407283205,-0.221994434142462,0.27734308397756,-0.800432557966449,0.423460223754199,0.941022719453776,"GENE470"
320.655909628858,0.157956553007202,0.196871615172859,0.80233279372708,0.422360477516743,0.941022719453776,"GENE471"
108.0927078227,-0.139497538337481,0.226974943204307,-0.614594440990408,0.5388225865228,0.984160450016126,"GENE472"
94.5162834487871,-0.189143389062012,0.231008161019934,-0.818773623524454,0.412915582413032,0.939332053095784,"GENE473"
151.227545088866,0.102928819050477,0.204433547232085,0.503483016579593,0.614624717948068,0.984160450016126,"GENE474"
119.053517678363,0.00791302258062516,0.223901644518272,0.0353415116608463,0.971807422472868,0.992833228406797,"GENE475"
163.203083976098,0.121663049634457,0.244805201794793,0.496979021452494,0.619203845149823,0.984160450016126,"GENE476"
130.145612831654,-0.153684539672794,0.242616748559578,-0.633445714631092,0.526442620086049,0.984160450016126,"GENE477"
70.7074973613813,-0.0212100885011376,0.254189763956658,-0.0834419457769913,0.933500136875487,0.992833228406797,"GENE478"
86.2444153281105,-0.234697615946482,0.245541653495724,-0.955836260793809,0.33915496544546,0.923457848070045,"GENE479"
313.928425879821,-0.0204665608314066,0.195216683746433,-0.104840223891881,0.916502591857358,0.992833228406797,"GENE480"
200.406234340822,0.115492202947047,0.223989379260984,0.51561463908733,0.606123583856194,0.984160450016126,"GENE481"
79.7780549067726,0.0272379653261385,0.255229110601729,0.106719665566056,0.915011380838195,0.992833228406797,"GENE482"
88.5043579595991,0.153343752265377,0.23826468042823,0.643585746698902,0.519844095335795,0.984160450016126,"GENE483"
250.131961132259,-0.331333468257825,0.200302839722902,-1.65416261055605,0.0980944774853364,0.615779515889924,"GENE484"
59.820165702908,-0.438512961336287,0.259801675686811,-1.68787580055839,0.0914350728822617,0.61235355942098,"GENE485"
212.005801701158,-0.195045151922413,0.238320226810604,-0.818416273484909,0.413119532563814,0.939332053095784,"GENE486"
121.607868127145,-0.190182103009397,0.221697520163068,-0.857844972147228,0.390978073071476,0.923457848070045,"GENE487"
212.146000867132,0.110293034431684,0.228904074446265,0.481830804884058,0.62992614422386,0.984160450016126,"GENE488"
79.0902885291432,0.0525910300048598,0.245361095522061,0.214341356330189,0.83028086966849,0.987059681106412,"GENE489"
376.661016371046,-0.324290161718078,0.176723443738185,-1.83501495250688,0.0665034739938779,0.511565184568292,"GENE490"
135.746980575862,0.167409611792184,0.212851579750783,0.786508664808576,0.431569544798522,0.944613212726312,"GENE491"
143.350973562144,-0.275426302993357,0.213899494171722,-1.28764354520745,0.197870073845607,0.777119796283464,"GENE492"
229.172062354528,0.0801878307509696,0.182569360390052,0.439218445962956,0.660503260562042,0.984160450016126,"GENE493"
132.16727617574,-0.14393912609746,0.21565567457715,-0.667448822664606,0.504485489060417,0.984160450016126,"GENE494"
65.3407131369746,0.115459292860162,0.25219994940442,0.457808548863008,0.647089993415441,0.984160450016126,"GENE495"
164.682025514026,-0.30048172077863,0.216410598665655,-1.38847968921735,0.164991025324421,0.757153516034025,"GENE496"
76.5121649939593,0.250553634197321,0.24889080346333,1.00668096494869,0.314088112358531,0.923457848070045,"GENE497"
390.950331666364,-0.1607971571023,0.181360694511382,-0.886615247782965,0.375286081792481,0.923457848070045,"GENE498"
33.7716076336847,-0.0117774755007514,0.306378787411414,-0.0384408972966405,0.969336153737005,0.992833228406797,"GENE499"
249.474008047147,-0.0346733512974621,0.270253282252007,-0.128299464149078,0.897911989148903,0.992833228406797,"GENE500"
