"logFC","logCPM","F","PValue","FDR","gene","padj"
2.63459312979848,11.8478659978442,145.202050041555,2.4829761235832e-32,1.2414880617916e-29,"GENE030",1.2414880617916e-29
2.48356617830545,12.7432164699469,132.783448925055,8.59602803150849e-30,2.14900700787712e-27,"GENE012",2.14900700787712e-27
2.42685557298151,13.0677236223885,127.225343088048,1.1916321536597e-28,1.92555451900521e-26,"GENE001",1.92555451900521e-26
2.41989229094875,12.5440343359596,126.683454562569,1.54044361520416e-28,1.92555451900521e-26,"GENE018",1.92555451900521e-26
2.30084273143763,11.4813659282111,113.165530800968,9.54344761505694e-26,9.54344761505694e-24,"GENE008",9.54344761505694e-24
2.27819232512294,11.4623541084536,111.042997435715,2.6300700637597e-25,2.19172505313308e-23,"GENE016",2.19172505313308e-23
2.20998174094496,13.1028429054947,107.468715789641,1.45385833447663e-24,1.03847023891188e-22,"GENE021",1.03847023891188e-22
2.52354929564895,9.60869775906276,106.913804744977,1.89642989526296e-24,1.18526868453935e-22,"GENE031",1.18526868453935e-22
2.25243845215056,11.0720685346269,106.63620806589,2.16614196423631e-24,1.20341220235351e-22,"GENE032",1.20341220235351e-22
2.10239033543205,12.6765710167971,98.3032743835484,1.18427212655319e-22,5.92136063276595e-21,"GENE028",5.92136063276595e-21
2.01364840997063,12.2345949147778,90.6894193482769,4.66178757091084e-21,2.11899435041402e-19,"GENE007",2.11899435041402e-19
2.12045717848274,10.1843291369293,87.8004322567579,1.88656210610579e-20,7.86067544210744e-19,"GENE017",7.86067544210744e-19
2.32490016850234,9.02650527777986,82.1854054208574,2.87543176180639e-19,1.10593529300246e-17,"GENE020",1.10593529300246e-17
1.90193364547368,11.3390074416908,79.8036571164784,9.15698254080091e-19,3.2703509074289e-17,"GENE003",3.2703509074289e-17
1.87518302915817,11.8809527634436,79.1182552931899,1.27836636679931e-18,4.26122122266437e-17,"GENE037",4.26122122266437e-17
1.77530243251912,11.8404723782776,71.432117567069,5.44470530902269e-17,1.70147040906959e-15,"GENE036",1.70147040906959e-15
1.75807750115327,12.9915998695085,70.4413585626301,8.84289976577434e-17,2.60085287228657e-15,"GENE034",2.60085287228657e-15
1.72773832086269,12.6178801367411,68.3380949946759,2.47846451534887e-16,6.88462365374686e-15,"GENE023",6.88462365374686e-15
1.7222148221412,12.9993756676879,67.7723089557983,3.27110860437979e-16,8.60818053784154e-15,"GENE005",8.60818053784154e-15
2.73291269712561,7.66659900227581,65.7923907501699,8.64544367374141e-16,2.16136091843535e-14,"GENE015",2.16136091843535e-14
1.69307574360866,11.9290973403614,65.4548242100069,1.02049297418787e-15,2.42974517663779e-14,"GENE002",2.42974517663779e-14
1.90887523921591,9.48600989194372,65.1027774103552,1.21322236397106e-15,2.75732355447969e-14,"GENE010",2.75732355447969e-14
1.67473029214094,12.0865619821388,64.3000115365412,1.80023243156277e-15,3.91354876426688e-14,"GENE025",3.91354876426688e-14
1.61721181051602,13.0649751092174,60.1314526020972,1.40246671091828e-14,2.92180564774641e-13,"GENE006",2.92180564774641e-13
1.69012185053964,10.3951380343126,59.9892970588061,1.50433454128566e-14,3.00866908257131e-13,"GENE038",3.00866908257131e-13
1.59414684907696,11.537516250208,57.9081461150743,4.20270915478244e-14,8.08213298996623e-13,"GENE014",8.08213298996623e-13
1.58134151923359,11.0342486906342,55.8206708328852,1.17972490408898e-13,2.18467574831293e-12,"GENE027",2.18467574831293e-12
1.62069432690067,10.4268850584661,55.7341752068613,1.23131714517715e-13,2.19878061638778e-12,"GENE035",2.19878061638778e-12
1.61009751196423,10.5075441626793,55.4665044191689,1.40573767810417e-13,2.42368565190374e-12,"GENE033",2.42368565190374e-12
1.55790116634107,10.986206405718,54.1254530268328,2.73110839577884e-13,4.55184732629806e-12,"GENE004",4.55184732629806e-12
1.7047683618649,9.29335222509699,51.2051391401803,1.16284845346238e-12,1.87556202171351e-11,"GENE019",1.87556202171351e-11
1.71934772702363,8.33153167882925,40.2764164189416,2.71957726920397e-10,4.2493394831312e-09,"GENE029",4.2493394831312e-09
1.52663937870786,8.78090019049331,37.1902926146347,1.28262133727674e-09,1.94336566254052e-08,"GENE026",1.94336566254052e-08
1.22609053530584,10.2513361823867,32.2981193325324,1.51645728706764e-08,2.23008424568771e-07,"GENE039",2.23008424568771e-07
1.0689330208884,11.4149529973877,26.8353205979601,2.43822346096111e-07,3.48317637280158e-06,"GENE022",3.48317637280158e-06
1.22463472510113,9.02162810530587,26.2030213593929,3.36788134598213e-07,4.67761298053073e-06,"GENE009",4.67761298053073e-06
1.02979995486269,11.5824396520073,25.0630204359383,6.03491747607543e-07,8.15529388658842e-06,"GENE040",8.15529388658842e-06
0.856538020373618,11.8629638487133,17.5787054636757,2.87681080692914e-05,0.000378527737753834,"GENE013",0.000378527737753834
0.863867349387237,10.1760871031091,16.2515447538057,5.75434619394404e-05,0.000737736691531287,"GENE024",0.000737736691531287
0.635848619727676,10.4015785177355,9.12349652298754,0.00255543052057182,0.0319428815071477,"GENE322",0.0319428815071477
-0.602675636556936,10.6941871682283,8.41091443297431,0.00377045919467183,0.0459812096911199,"GENE175",0.0459812096911199
-0.718725529231121,8.44418883144909,8.1181883348831,0.00442718031511432,0.0527045275608847,"GENE142",0.0527045275608847
0.561689960396799,11.5399955577162,7.58384006538287,0.0059426662128881,0.0691007699173035,"GENE433",0.0691007699173035
0.727235998763572,8.04922725499643,7.28231620728999,0.0070222311025636,0.07979808071095,"GENE011",0.07979808071095
-0.74057413020559,7.88929142498117,7.16246242336316,0.00750526065397822,0.0833917850442024,"GENE421",0.0833917850442024
-0.510421648651068,9.3506038313528,5.11339167388836,0.0238488691635512,0.257042943881579,"GENE448",0.257042943881579
0.569665230063336,8.42229423003691,5.09070203331357,0.0241620367248685,0.257042943881579,"GENE098",0.257042943881579
-0.457240243785545,13.2811122315332,5.03347414901727,0.0249710251953272,0.260114845784658,"GENE431",0.260114845784658
0.454902866983298,11.5698596051159,4.99330600266144,0.0255556235454985,0.260771668831617,"GENE289",0.260771668831617
0.448882915682776,10.3593878274409,4.55291457261194,0.0329841128132509,0.329841128132509,"GENE250",0.329841128132509
-0.437804928491314,10.8204221213675,4.49455251169948,0.0341258462527131,0.334567120124638,"GENE190",0.334567120124638
-0.49593579115585,8.95271130529141,4.45446832198617,0.0349338997564932,0.335902882273973,"GENE404",0.335902882273973
0.42582325392001,11.1156918404328,4.31705899532106,0.0378593811615043,0.357163973221739,"GENE358",0.357163973221739
-0.510435866314105,8.49858650773136,4.20258721971026,0.0404924850751484,0.374930417362485,"GENE428",0.374930417362485
-0.439351937297568,9.93887033956293,4.15549770819981,0.0416308567069788,0.378462333699807,"GENE258",0.378462333699807
0.619974670553474,7.3811560908817,4.07732670679776,0.043595539808207,0.389245891144705,"GENE406",0.389245891144705
-0.431978811772835,9.8298800330374,3.9603488941167,0.0467199874293989,0.402937876174647,"GENE443",0.402937876174647
-0.410444186850854,10.8384932991927,3.9595978595816,0.046740793636259,0.402937876174647,"GENE102",0.402937876174647
-0.470711651381952,8.85074130329109,3.92408454250692,0.0477358829223292,0.404541380697705,"GENE279",0.404541380697705
0.399035678388495,11.6250574828554,3.8528197478074,0.0498008496488026,0.413149716525195,"GENE120",0.413149716525195
-0.396829185530484,12.1407178919245,3.83258376354811,0.0504042654160737,0.413149716525195,"GENE333",0.413149716525195
-0.395661359694615,12.7775913578568,3.80511688797134,0.0512357003407313,0.413191131780091,"GENE117",0.413191131780091
-0.410752606529093,9.95933011398347,3.64819162621857,0.0562730272818855,0.446611327634012,"GENE152",0.446611327634012
-0.384983314668341,10.5755410968032,3.42181095866303,0.064487823945603,0.494744447505082,"GENE407",0.494744447505082
0.432643744453367,8.97688910005597,3.40823991886031,0.0650192857317212,0.494744447505082,"GENE438",0.494744447505082
-0.38553504029621,10.461934806893,3.40096093269662,0.0653062670706708,0.494744447505082,"GENE255",0.494744447505082
0.371948773033496,12.6520412147534,3.36398761592399,0.0667850243615278,0.498395704190506,"GENE147",0.498395704190506
-0.442573664054603,8.57597176368668,3.23762234701359,0.0721156891253148,0.522423824494479,"GENE249",0.522423824494479
-0.420053227550132,8.97716111408978,3.22240446436448,0.0727877934607515,0.522423824494479,"GENE287",0.522423824494479
-0.367621718496891,13.8963809218225,3.21211330894581,0.0732461159990865,0.522423824494479,"GENE290",0.522423824494479
-0.401756318403758,9.37127368821562,3.19126392652384,0.074184183078216,0.522423824494479,"GENE191",0.522423824494479
-0.419514981868565,8.85809368030612,3.12759314076092,0.077129720329025,0.535623057840451,"GENE485",0.535623057840451
-0.35675763357987,11.2275636151504,3.04934663900206,0.0809231569046047,0.554268197976744,"GENE429",0.554268197976744
-0.347251215760475,12.8374266281387,2.92922804953359,0.0871441214412943,0.58352026264015,"GENE246",0.58352026264015
0.443543734227538,8.22770863425757,2.92212163351609,0.0875280393960224,0.58352026264015,"GENE123",0.58352026264015
-0.364777226026654,9.93431460554339,2.86901917573348,0.0904555932294986,0.590832809418194,"GENE272",0.590832809418194
-0.354198397285029,10.4120831721278,2.85955812049936,0.0909882526504018,0.590832809418194,"GENE160",0.590832809418194
-0.349781238451588,10.499617646431,2.80965293163598,0.0938549380987816,0.601634218581933,"GENE073",0.601634218581933
0.406904477354439,8.6188316614127,2.76301510575587,0.0966229770366281,0.603755863826621,"GENE347",0.603755863826621
-0.45328221762343,7.89563348841675,2.72973308405914,0.0986527143195578,0.603755863826621,"GENE278",0.603755863826621
0.338626074137779,11.0320147782057,2.72534415034276,0.0989238331040713,0.603755863826621,"GENE345",0.603755863826621
0.380150190133832,9.10921449716694,2.71354691731321,0.099656629046567,0.603755863826621,"GENE302",0.603755863826621
-0.346816751226191,10.1618554413158,2.66825949873987,0.102525314146548,0.603755863826621,"GENE375",0.603755863826621
-0.333330323191041,11.2667458657619,2.66577340471277,0.102685388479815,0.603755863826621,"GENE456",0.603755863826621
0.346062520778923,10.1072723482794,2.6373617431931,0.104534325345991,0.603755863826621,"GENE225",0.603755863826621
-0.371103440515038,9.19831373220912,2.63676612828382,0.104573474367616,0.603755863826621,"GENE115",0.603755863826621
-0.349203168127012,9.91685992132103,2.62568973616597,0.10530444885612,0.603755863826621,"GENE124",0.603755863826621
-0.330219857444957,11.0723353328706,2.59807537885158,0.107151355874997,0.603755863826621,"GENE420",0.603755863826621
0.334109004354395,10.6437353242306,2.59338549294941,0.107468543761139,0.603755863826621,"GENE383",0.603755863826621
-0.326535512847257,10.9915986886937,2.53029469739801,0.111837397971529,0.618176973997402,"GENE369",0.618176973997402
0.32320730108944,11.4551896646831,2.52084816471992,0.112508209267527,0.618176973997402,"GENE194",0.618176973997402
-0.341696305225061,9.73221690764156,2.4498797658742,0.117692070868842,0.639630819939358,"GENE424",0.639630819939358
-0.315293038812545,12.6656785180777,2.42180264909507,0.119815380989826,0.644168714999065,"GENE061",0.644168714999065
-0.327207416763808,10.2219400199889,2.39355055636696,0.121994839772898,0.647455526414719,"GENE074",0.647455526414719
0.341542174921174,9.52350583158187,2.36662540473698,0.124112931101998,0.647455526414719,"GENE238",0.647455526414719
0.317585661651242,10.7747348487162,2.36412788709505,0.124311461071626,0.647455526414719,"GENE216",0.647455526414719
-0.313788481275422,10.8939498710595,2.32411768145104,0.127540532597518,0.654810673045367,"GENE196",0.654810673045367
-0.313055308937343,10.8872132651714,2.31435071769883,0.128342891916892,0.654810673045367,"GENE484",0.654810673045367
-0.305978701605679,11.4742749862238,2.26267911555911,0.13268250935453,0.660308261288306,"GENE490",0.660308261288306
0.31046400901392,10.7476448554958,2.25616793416112,0.133240878472044,0.660308261288306,"GENE106",0.660308261288306
-0.34258511583708,9.21005160141275,2.25452401150973,0.133382268780238,0.660308261288306,"GENE203",0.660308261288306
-0.362935955136607,8.65824313350394,2.23047091437252,0.135470336750765,0.664070278190027,"GENE192",0.664070278190027
-0.602739163789292,6.31754940929748,2.19274149454694,0.138819832046316,0.665738694115797,"GENE214",0.665738694115797
0.340623451197171,9.13136056348286,2.19071578036804,0.139002278543022,0.665738694115797,"GENE364",0.665738694115797
0.322214415371426,9.74723429468484,2.1818370554402,0.139805125764317,0.665738694115797,"GENE107",0.665738694115797
0.302711062482059,14.4100810617708,2.14474176774336,0.143216269113001,0.669514839777858,"GENE315",0.669514839777858
-0.308473206504802,10.2885848401444,2.14409921010318,0.143276175712462,0.669514839777858,"GENE416",0.669514839777858
-0.296862616946958,11.1611509135525,2.10688275685594,0.146794593216716,0.679604598225536,"GENE296",0.679604598225536
0.337744399475483,8.98338421483973,2.08676204388113,0.148737334293308,0.682281349969303,"GENE274",0.682281349969303
-0.305779353568946,10.0651582999484,2.05247979116271,0.152114786484384,0.686613679739585,"GENE276",0.686613679739585
0.295177302253785,10.834628110344,2.04934195431154,0.152428236902188,0.686613679739585,"GENE285",0.686613679739585
-0.285728288949071,11.0460777731151,1.94401037951958,0.163388617846103,0.719330066285137,"GENE266",0.719330066285137
-0.297425753403161,10.0597087168299,1.94123516783966,0.163689306123822,0.719330066285137,"GENE227",0.719330066285137
0.29365831578004,10.2368211823026,1.92965169586536,0.164951200475738,0.719330066285137,"GENE391",0.719330066285137
0.349176396656879,8.4130271375144,1.92513812462327,0.165445915245582,0.719330066285137,"GENE399",0.719330066285137
-0.28378747562857,10.8133703943182,1.89354582256169,0.168956588296748,0.728261156451501,"GENE306",0.728261156451501
-0.299559722746646,9.52370919189191,1.82483895356617,0.176891167497882,0.749465558266303,"GENE446",0.749465558266303
0.329292977691032,8.62811711840687,1.82014860337246,0.177448303524895,0.749465558266303,"GENE417",0.749465558266303
-0.290821076068026,9.75993201653951,1.78359610230129,0.181860330871547,0.749465558266303,"GENE426",0.749465558266303
-0.281225260430442,10.2908117052114,1.78270483913151,0.181969485094281,0.749465558266303,"GENE496",0.749465558266303
0.373660940443169,7.77517249091656,1.77093914734878,0.183417588834447,0.749465558266303,"GENE313",0.749465558266303
-0.268419109911616,12.1137234757834,1.75793964588353,0.185033121507405,0.749465558266303,"GENE231",0.749465558266303
-0.301406675125967,9.23393452405162,1.75474556762029,0.185432595637865,0.749465558266303,"GENE441",0.749465558266303
0.28102071371289,10.1519641258918,1.75127760934548,0.185867458450043,0.749465558266303,"GENE412",0.749465558266303
-0.272068639796004,10.6602417375737,1.72358333846667,0.18938306202071,0.757532248082838,"GENE323",0.757532248082838
-0.269096379832821,10.524590235041,1.66930692493317,0.19650066237271,0.779764533225041,"GENE182",0.779764533225041
-0.288811438690916,9.34035417136972,1.64409988204862,0.199912476219139,0.787056992988736,"GENE133",0.787056992988736
-0.290241452807387,9.18919448229194,1.61343050363847,0.204157998329442,0.794049371461573,"GENE320",0.794049371461573
-0.261796921920711,10.6755450533556,1.59676318008473,0.206509788362889,0.794049371461573,"GENE311",0.794049371461573
-0.255831371084758,11.5425181535005,1.58418795338431,0.208305381018189,0.794049371461573,"GENE150",0.794049371461573
0.31753078477861,8.35950279769378,1.56878548114255,0.21052991372978,0.794049371461573,"GENE110",0.794049371461573
-0.267368157095811,10.041423464207,1.56623039166915,0.21090165458298,0.794049371461573,"GENE440",0.794049371461573
-0.259958959437606,10.5735803602582,1.56406619926837,0.211217132808778,0.794049371461573,"GENE139",0.794049371461573
0.28004328144312,9.36778892126546,1.55205394699058,0.212978397354853,0.794695512518107,"GENE213",0.794695512518107
0.250902999278402,11.9276791702194,1.53271437006622,0.215850829029991,0.799447514925891,"GENE310",0.799447514925891
0.272524624082615,9.50970144057858,1.50656010750464,0.219809184752456,0.808122002766381,"GENE316",0.808122002766381
-0.245325397762952,11.76095163517,1.46349335639495,0.226518078122975,0.816160719520236,"GENE177",0.816160719520236
-0.247255099182143,11.1397223777608,1.46266813207822,0.226649010505099,0.816160719520236,"GENE308",0.816160719520236
-0.25673680062799,10.0926613100165,1.45342793698935,0.228121317792531,0.816160719520236,"GENE492",0.816160719520236
-0.243898829370267,11.8407011202008,1.44815859263337,0.228966073363977,0.816160719520236,"GENE195",0.816160719520236
-0.24568712488314,11.0912223793774,1.44076757938699,0.230157322904706,0.816160719520236,"GENE396",0.816160719520236
-0.242844441630093,11.0909236227324,1.40741268131275,0.235627286604891,0.824514881992807,"GENE048",0.824514881992807
-0.254445306518178,9.94271045388893,1.40048505941748,0.236783015888385,0.824514881992807,"GENE423",0.824514881992807
0.268341414156448,9.2068256682081,1.38272665446572,0.23977719631973,0.824514881992807,"GENE497",0.824514881992807
0.240747553692047,10.9341067275366,1.37329628223147,0.241385921674592,0.824514881992807,"GENE193",0.824514881992807
-0.259645059715322,9.52276091168751,1.37174581486878,0.241651671530263,0.824514881992807,"GENE334",0.824514881992807
-0.253691566372635,9.80651073028681,1.36734812965905,0.242407375305885,0.824514881992807,"GENE303",0.824514881992807
-0.238020871638877,11.0663465735769,1.34939994778048,0.245521658074834,0.829465061063627,"GENE410",0.829465061063627
-0.234101475844429,11.8362663638982,1.33311464182667,0.248389811387956,0.833522857006563,"GENE464",0.833522857006563
-0.246373757003408,9.99269348590729,1.32233094689002,0.250311628643674,0.834372095478914,"GENE408",0.834372095478914
-0.232518957508786,11.0896777921812,1.29108867553647,0.255983549130228,0.842651044003841,"GENE414",0.842651044003841
-0.231080037176746,11.4365449339122,1.29009833016344,0.256165917377168,0.842651044003841,"GENE145",0.842651044003841
-0.23707118478296,10.3269336324771,1.27267968567455,0.259399884431697,0.847712040626461,"GENE288",0.847712040626461
-0.259020521731301,9.09615854978681,1.26183437767363,0.261438972155701,0.848827831674353,"GENE211",0.848827831674353
0.227587095373996,11.4067997745596,1.24981128954788,0.263722789522165,0.85071867587795,"GENE172",0.85071867587795
-0.251988620397958,9.19455929454777,1.21849536914303,0.269788930153197,0.864708109465374,"GENE189",0.864708109465374
-0.233034061140324,10.1366358762774,1.20395240812036,0.272665236346831,0.868360625308378,"GENE239",0.868360625308378
0.220805228248387,12.5158398854238,1.1889483773404,0.27567313464099,0.87041516198707,"GENE293",0.87041516198707
-0.442055529009241,6.295115709633,1.17070954280302,0.279385934253476,0.87041516198707,"GENE156",0.87041516198707
0.240968601852685,9.43159470747153,1.16226153077931,0.28112702064805,0.87041516198707,"GENE378",0.87041516198707
-0.22502896683412,10.2562821322013,1.13850256370299,0.286097745605654,0.87041516198707,"GENE201",0.87041516198707
0.215202007421712,12.0535985601875,1.12969698496065,0.287968298101169,0.87041516198707,"GENE283",0.87041516198707
-0.298348188187193,7.76081124535385,1.12890383164203,0.288137548756211,0.87041516198707,"GENE419",0.87041516198707
-0.216189745561628,11.417240431848,1.12824424234884,0.288278394666096,0.87041516198707,"GENE405",0.87041516198707
0.221822852143712,10.4391142308577,1.12573807438443,0.28881435101683,0.87041516198707,"GENE208",0.87041516198707
0.29979712034903,7.71630469879668,1.11554590993572,0.291007122538096,0.87041516198707,"GENE200",0.87041516198707
-0.21711721067276,10.8513270747913,1.11189637172348,0.291797456651151,0.87041516198707,"GENE138",0.87041516198707
-0.215254453623752,11.045031779512,1.10347213946264,0.293632285572909,0.87041516198707,"GENE202",0.87041516198707
-0.212300124728877,12.2924996335223,1.10087774757839,0.29420032475163,0.87041516198707,"GENE385",0.87041516198707
-0.268885307524198,8.19456079922922,1.0713124378129,0.300774316519763,0.881467736578191,"GENE298",0.881467736578191
0.211322093334477,11.1235472028661,1.06706506861463,0.301734211330923,0.881467736578191,"GENE281",0.881467736578191
-0.235125442311737,9.16675350415756,1.05526080589558,0.304422800400697,0.881467736578191,"GENE184",0.881467736578191
-0.20899318082021,11.1911777409578,1.04657656728142,0.306420575781685,0.881467736578191,"GENE141",0.881467736578191
0.209679084219181,13.9633411007816,1.04514828423587,0.30675077232921,0.881467736578191,"GENE325",0.881467736578191
-0.204871611794989,12.0230282304011,1.02390712741596,0.311716415887276,0.890618331106503,"GENE411",0.890618331106503
-0.203921745098955,12.76835446667,1.0125256241238,0.314420260102083,0.890912485230439,"GENE144",0.890912485230439
-0.213097401054874,10.1554840503046,1.00794839165241,0.315516292072409,0.890912485230439,"GENE318",0.890912485230439
-0.258784291865643,8.17510075974222,0.986216495889372,0.320788988288534,0.890912485230439,"GENE387",0.890912485230439
0.207585197004705,10.4037151509192,0.982296079918307,0.321752487701493,0.890912485230439,"GENE467",0.890912485230439
-0.202427651992156,11.1637835799942,0.981606502534495,0.321922355694319,0.890912485230439,"GENE078",0.890912485230439
0.248816864198587,8.40814282744687,0.979031768448454,0.322557652620568,0.890912485230439,"GENE081",0.890912485230439
-0.233499628432841,8.8535216699612,0.972036166305264,0.32429214462388,0.890912485230439,"GENE380",0.890912485230439
-0.210785356667773,9.86219850107575,0.951417134690767,0.329476800008279,0.898140296161828,"GENE400",0.898140296161828
0.199822303172771,10.9590908699914,0.947337549251342,0.330515628987553,0.898140296161828,"GENE095",0.898140296161828
-0.21599321895568,9.37261072577589,0.925835472800746,0.336063734464401,0.907943712427613,"GENE479",0.907943712427613
-0.202303234570615,10.2362822614966,0.917529400330559,0.338240282157683,0.907943712427613,"GENE235",0.907943712427613
-0.231271348497207,8.67519929122567,0.912486615997229,0.339570948447927,0.907943712427613,"GENE451",0.907943712427613
-0.193597715364806,11.1508981432281,0.896766656599074,0.34376457004611,0.914267473526887,"GENE094",0.914267473526887
0.192579388160744,11.1092664961147,0.884870270946199,0.34698481052572,0.914389409692305,"GENE146",0.914389409692305
0.190431379951133,11.5228493639728,0.878407146840076,0.348751480247795,0.914389409692305,"GENE059",0.914389409692305
-0.191973638453841,10.9397729313803,0.873339798577214,0.350145181632399,0.914389409692305,"GENE063",0.914389409692305
-0.188649719335097,11.7011152940549,0.86503720187981,0.352445138914031,0.914389409692305,"GENE187",0.914389409692305
-0.189854358270624,11.1581300691921,0.863209132257181,0.35295431214123,0.914389409692305,"GENE215",0.914389409692305
-0.194015691123303,10.3140172951116,0.851625837936961,0.356204116279633,0.914576195341609,"GENE104",0.914576195341609
-0.18959679306477,10.7779209679452,0.844825093159574,0.35813126544043,0.914576195341609,"GENE218",0.914576195341609
-0.204292713105733,9.48194560068171,0.843480899883212,0.358513868573911,0.914576195341609,"GENE470",0.914576195341609
0.184377717784793,11.0748235877744,0.811105126213843,0.367902152236465,0.916908654517026,"GENE217",0.916908654517026
-0.186706762283905,10.4731333759467,0.800940005530038,0.370920162358847,0.916908654517026,"GENE295",0.916908654517026
0.218397308089726,8.61028450018335,0.799070552719477,0.371478957913576,0.916908654517026,"GENE321",0.916908654517026
-0.182443475884153,11.1771479797395,0.797995019042688,0.371800977429567,0.916908654517026,"GENE328",0.916908654517026
0.187866641633013,10.2087252583631,0.789151537937413,0.374463628339433,0.916908654517026,"GENE384",0.916908654517026
-0.225580293317462,8.3228642209483,0.785934270547775,0.375438935964614,0.916908654517026,"GENE111",0.916908654517026
0.197394908858286,9.42955687613402,0.780232011888654,0.37717635241748,0.916908654517026,"GENE051",0.916908654517026
0.177516326883923,12.3362803293833,0.769800328397559,0.380384208433976,0.916908654517026,"GENE164",0.916908654517026
-0.18271993261223,10.4895102547654,0.768280555493021,0.380854766892224,0.916908654517026,"GENE241",0.916908654517026
0.177314855854374,11.2409729963037,0.755330907026388,0.384897947129873,0.916908654517026,"GENE413",0.916908654517026
0.177075278423327,11.2457191140441,0.753379276834821,0.385512569576941,0.916908654517026,"GENE471",0.916908654517026
0.185395136742686,10.0175584903494,0.751210464850659,0.386197228259115,0.916908654517026,"GENE491",0.916908654517026
-0.195830375272981,9.29249809622611,0.750274546712218,0.386493217282547,0.916908654517026,"GENE159",0.916908654517026
0.174831803365833,12.5705200420766,0.74618967660481,0.387788871651903,0.916908654517026,"GENE251",0.916908654517026
-0.17547660056801,11.362473942588,0.742622543981862,0.388925383922113,0.916908654517026,"GENE425",0.916908654517026
-0.176682408754751,10.9325841137251,0.740078717170014,0.38973877399069,0.916908654517026,"GENE445",0.916908654517026
0.232955899756626,7.93071465929449,0.733309424700418,0.391915159300616,0.916908654517026,"GENE465",0.916908654517026
-0.177254556005631,10.6519550642654,0.731694627932017,0.392436904133287,0.916908654517026,"GENE486",0.916908654517026
-0.170186995164888,11.7312110272377,0.704222224583212,0.401468883535476,0.924378938096635,"GENE112",0.924378938096635
0.207652390906049,8.45520897439932,0.692042875747035,0.40556970385028,0.924378938096635,"GENE299",0.924378938096635
-0.174900638796137,10.1961297613577,0.683227466495529,0.40857616612857,0.924378938096635,"GENE163",0.924378938096635
-0.195747154994839,8.84106912759685,0.681530862278796,0.409158534823016,0.924378938096635,"GENE054",0.924378938096635
0.186470047969364,9.27501582692634,0.67751653976338,0.410541340315099,0.924378938096635,"GENE267",0.924378938096635
-0.188087316007277,9.17577900349264,0.676564941571639,0.410870143398896,0.924378938096635,"GENE125",0.924378938096635
-0.166473062070796,11.4276255319896,0.669742753788178,0.413238802335859,0.924378938096635,"GENE455",0.924378938096635
-0.166126284364474,11.2587207569582,0.663425287774955,0.415450257095345,0.924378938096635,"GENE186",0.924378938096635
-0.178767619732135,9.63542236015151,0.662777963866755,0.41567784469407,0.924378938096635,"GENE450",0.924378938096635
-0.164924179618285,11.5579760986298,0.65879443784663,0.4170824613152,0.924378938096635,"GENE319",0.924378938096635
-0.178740410843137,9.5327519125519,0.651690355924687,0.419604974002651,0.924378938096635,"GENE158",0.924378938096635
0.163327615996597,12.3971290506417,0.651351665674951,0.419725802837734,0.924378938096635,"GENE422",0.924378938096635
0.228863281952697,7.69916757804495,0.647651488121247,0.421049241582973,0.924378938096635,"GENE084",0.924378938096635
-0.172174424706615,9.99391547081495,0.646348411418872,0.421516795772066,0.924378938096635,"GENE307",0.924378938096635
-0.162011328538506,11.382473534957,0.633651331062465,0.426113606313561,0.925259480194687,"GENE057",0.925259480194687
-0.171257809394848,9.85966743239132,0.628184984859304,0.428115859342288,0.925259480194687,"GENE487",0.925259480194687
-0.180559341026305,9.20970165551618,0.627811937695773,0.428253018666766,0.925259480194687,"GENE093",0.925259480194687
0.159759911332442,11.5016441379392,0.61805815715527,0.431862936586429,0.925259480194687,"GENE452",0.925259480194687
-0.168546092807106,9.94379945896386,0.615465565357805,0.432830227462489,0.925259480194687,"GENE280",0.925259480194687
0.191677115722698,8.60630185103995,0.614954116578662,0.433021436731114,0.925259480194687,"GENE206",0.925259480194687
0.172063386610235,9.46797944668478,0.596821647888782,0.439884569617159,0.926643430306508,"GENE356",0.926643430306508
-0.170640339086202,9.50264421847199,0.591224484792569,0.442036796773919,0.926643430306508,"GENE473",0.926643430306508
-0.182275486096967,8.81794691753092,0.58739559961729,0.443518444267084,0.926643430306508,"GENE434",0.926643430306508
0.171404282794208,9.41156261197667,0.586897835217107,0.44371162508043,0.926643430306508,"GENE483",0.926643430306508
0.166605850892931,9.7300499160159,0.583258276947608,0.445128088359898,0.926643430306508,"GENE076",0.926643430306508
-0.16230057240528,10.1026249104865,0.581878738217384,0.44566681484026,0.926643430306508,"GENE126",0.926643430306508
0.153618532679995,12.2071774417512,0.575650543342462,0.448111638484671,0.926643430306508,"GENE222",0.926643430306508
-0.162007344584721,10.0248289419385,0.574677652344819,0.44849542026835,0.926643430306508,"GENE389",0.926643430306508
-0.185078687933359,8.48282037549854,0.554768188163025,0.456463444442234,0.939225194325584,"GENE072",0.939225194325584
-0.151116575917558,11.1776259571024,0.547672715343402,0.459357043894744,0.941305417817098,"GENE232",0.941305417817098
-0.151250413096572,10.7457120725952,0.536768949148806,0.463860724241285,0.946654539267928,"GENE340",0.946654539267928
-0.149263101756398,10.9831046537916,0.529546043288091,0.466882953854729,0.94694286582082,"GENE212",0.94694286582082
-0.146873388696477,11.7288871069413,0.524828477686815,0.468873963840404,0.94694286582082,"GENE304",0.94694286582082
0.15422116463437,9.89121211734576,0.51144942114263,0.474595557540809,0.94694286582082,"GENE361",0.94694286582082
-0.218360267294546,7.35060507697269,0.509554160821089,0.475415212274737,0.94694286582082,"GENE329",0.94694286582082
-0.150804882447011,10.0626217680452,0.500262239512155,0.479467322283196,0.94694286582082,"GENE099",0.94694286582082
0.144336923802867,11.220186581322,0.500099456087542,0.479538812863324,0.94694286582082,"GENE461",0.94694286582082
0.143618622779157,11.5329750534986,0.499731428226215,0.479700506245859,0.94694286582082,"GENE436",0.94694286582082
-0.155064492834326,9.64575751061171,0.499562283328664,0.479774850169069,0.94694286582082,"GENE089",0.94694286582082
-0.152842756885854,9.72788366266691,0.491173077600085,0.48348601380216,0.94694286582082,"GENE233",0.94694286582082
-0.142348572740433,11.5287541523868,0.491160445316448,0.483491637570581,0.94694286582082,"GENE498",0.94694286582082
0.146111961540831,10.3798924474539,0.486240113550868,0.485690361983689,0.94694286582082,"GENE178",0.94694286582082
-0.142042688642715,11.1765261855347,0.483929442800271,0.486728633031902,0.94694286582082,"GENE292",0.94694286582082
0.15613094504376,9.28429043952028,0.476107526683688,0.490270813572338,0.950137235605305,"GENE291",0.950137235605305
-0.138584223304176,11.1086014484741,0.459239022617867,0.498058216872075,0.95535607336536,"GENE049",0.95535607336536
-0.138120583492028,11.2588559529743,0.458496476685992,0.498405797153984,0.95535607336536,"GENE388",0.95535607336536
0.13940428609908,10.8207984542171,0.457877455583455,0.498695870296718,0.95535607336536,"GENE457",0.95535607336536
0.143057875871213,9.97957851651939,0.445336954952605,0.504634706354506,0.957942540693782,"GENE237",0.957942540693782
0.179583550472108,7.96806084922953,0.441779898772664,0.506341249652399,0.957942540693782,"GENE273",0.957942540693782
0.139329150444266,10.2789127588246,0.437462045057225,0.508426156057126,0.957942540693782,"GENE476",0.957942540693782
0.133810082497402,10.5725381172612,0.414683830003758,0.519675539009755,0.957942540693782,"GENE481",0.957942540693782
0.232790217420642,6.69150707987749,0.413316217152796,0.520364801051462,0.957942540693782,"GENE265",0.957942540693782
-0.147015277471558,9.14694653608892,0.41127745765219,0.521395311888595,0.957942540693782,"GENE354",0.957942540693782
0.12967184171246,11.8018704965523,0.409592101010073,0.522249917281184,0.957942540693782,"GENE100",0.957942540693782
0.143764624482207,9.33210878314112,0.407346226125242,0.523392608801186,0.957942540693782,"GENE129",0.957942540693782
-0.14160072207381,9.49227401634445,0.406514914032969,0.523816701459103,0.957942540693782,"GENE185",0.957942540693782
0.139644040349869,9.63195928686129,0.403919881966889,0.525144488069314,0.957942540693782,"GENE286",0.957942540693782
-0.132862781140554,10.3077113494407,0.39944383474001,0.527448860128732,0.957942540693782,"GENE331",0.957942540693782
-0.135691006116535,9.95618351062116,0.3994147516526,0.527463891778892,0.957942540693782,"GENE477",0.957942540693782
-0.12812396588988,12.9175098351202,0.399398438734002,0.527472323477811,0.957942540693782,"GENE050",0.957942540693782
-0.129020027800175,11.121005281862,0.398252530400873,0.528065215813548,0.957942540693782,"GENE301",0.957942540693782
0.128430855647932,10.6538479694859,0.384372688623916,0.535342915910097,0.957942540693782,"GENE488",0.957942540693782
-0.125739251397871,11.3375246074167,0.381214772203976,0.53702411443769,0.957942540693782,"GENE393",0.957942540693782
0.171516187800434,7.81619464036408,0.381162879665468,0.537051821023801,0.957942540693782,"GENE256",0.957942540693782
-0.127714329561447,10.3944589806534,0.372103982195562,0.541928944900389,0.957942540693782,"GENE309",0.957942540693782
0.122887932230359,12.405235431007,0.368966452741907,0.543637136683453,0.957942540693782,"GENE065",0.957942540693782
0.123363470407857,11.2071120727816,0.365374466564041,0.545605003256632,0.957942540693782,"GENE090",0.957942540693782
-0.148019282442439,8.56600172093662,0.363297883317548,0.546748691354569,0.957942540693782,"GENE137",0.957942540693782
0.126244256640529,10.196879191135,0.356134195531239,0.550728627092664,0.957942540693782,"GENE046",0.957942540693782
-0.119562781969329,13.4567111148427,0.344533390933766,0.557290328391448,0.957942540693782,"GENE379",0.957942540693782
-0.124999466834614,9.97817063622354,0.340086225108197,0.559845204833961,0.957942540693782,"GENE494",0.957942540693782
0.128923238411522,9.53581204772851,0.339247562648748,0.560329520073835,0.957942540693782,"GENE397",0.957942540693782
0.117837500459941,11.6626402318895,0.337483697291234,0.561350748445553,0.957942540693782,"GENE086",0.957942540693782
-0.121547911337371,10.4014488941523,0.337276741296313,0.561470804027101,0.957942540693782,"GENE300",0.957942540693782
0.131112746132743,9.30664841151577,0.337058174155695,0.56159764875302,0.957942540693782,"GENE332",0.957942540693782
0.126509789869393,9.70037278533903,0.335038215242425,0.56277253510504,0.957942540693782,"GENE140",0.957942540693782
0.134199626258759,8.98491862936812,0.331052273238947,0.565104852180158,0.957942540693782,"GENE495",0.957942540693782
-0.117576961910909,11.1166367599004,0.330817598386427,0.565242750648196,0.957942540693782,"GENE068",0.957942540693782
0.126075477923984,9.64881636109981,0.330203061601971,0.565604170367469,0.957942540693782,"GENE444",0.957942540693782
-0.116852343061681,13.3170206275013,0.330148309794653,0.565636392555501,0.957942540693782,"GENE170",0.957942540693782
0.121235517579349,10.1710898662977,0.327476057957073,0.567213385864597,0.957942540693782,"GENE474",0.957942540693782
0.120522562683986,10.2731923324969,0.327219109382091,0.567365470410969,0.957942540693782,"GENE223",0.957942540693782
-0.124367583973143,9.50987693430717,0.31458808201665,0.574941136715171,0.957942540693782,"GENE092",0.957942540693782
-0.118094288197406,10.1587944563056,0.310225684706896,0.577604050287375,0.957942540693782,"GENE080",0.957942540693782
0.14489665627959,8.18052491902522,0.309833453491667,0.577844678139507,0.957942540693782,"GENE336",0.957942540693782
-0.121009795286194,9.69258581751538,0.306428329388169,0.579942096583542,0.957942540693782,"GENE472",0.957942540693782
-0.16643612275641,7.39381374536005,0.302078396006988,0.582643741881563,0.957942540693782,"GENE067",0.957942540693782
0.126821366266118,9.08446206865998,0.301978828907341,0.582705876705981,0.957942540693782,"GENE052",0.957942540693782
0.113289113649478,10.6688655337878,0.2994666237206,0.584278048781243,0.957942540693782,"GENE198",0.957942540693782
-0.142920700494632,8.13085211505921,0.296912671016798,0.585885156422527,0.957942540693782,"GENE459",0.957942540693782
-0.119464610307978,9.61954419497104,0.295153233679274,0.586997528354777,0.957942540693782,"GENE165",0.957942540693782
-0.115803686750037,9.95862586026729,0.291078392575759,0.589590355681351,0.957942540693782,"GENE066",0.957942540693782
-0.109181306580201,11.8304066478262,0.290435828152914,0.590001357063616,0.957942540693782,"GENE071",0.957942540693782
0.112962725646899,10.3677219532962,0.290293294241087,0.59009260506737,0.957942540693782,"GENE282",0.957942540693782
-0.107735129904393,13.3109919699308,0.280546689042961,0.596401909765548,0.960925043610268,"GENE101",0.960925043610268
0.107605752296628,11.4927077384314,0.280376631839789,0.596513233152803,0.960925043610268,"GENE062",0.960925043610268
0.112229648869999,10.1127713144802,0.278560163105715,0.597705040768314,0.960925043610268,"GENE466",0.960925043610268
-0.139908884556912,7.98925510963318,0.270810971735723,0.602845883978246,0.960925043610268,"GENE342",0.960925043610268
0.105128286815218,12.9862161488179,0.268559806372987,0.604356829610884,0.960925043610268,"GENE469",0.960925043610268
0.111195018755493,9.93222626935542,0.267468403873079,0.605092254708634,0.960925043610268,"GENE261",0.960925043610268
0.104291199942322,11.4746371854035,0.263294509248786,0.60792243539897,0.960925043610268,"GENE270",0.960925043610268
0.113651401977478,9.43781682687422,0.259306641367909,0.610653077491341,0.960925043610268,"GENE372",0.960925043610268
0.119567842433325,8.91627230199086,0.258726969232465,0.611052198924247,0.960925043610268,"GENE207",0.960925043610268
-0.108947754214794,9.95341926090857,0.257615692988817,0.611818921939011,0.960925043610268,"GENE398",0.960925043610268
0.116336665556123,9.11359784548059,0.255754034518771,0.613108043317245,0.960925043610268,"GENE439",0.960925043610268
0.121477457240752,8.69612454062387,0.253048543866804,0.614992027910571,0.960925043610268,"GENE240",0.960925043610268
0.101950483663247,11.1203155585432,0.248710626633943,0.618039274295017,0.9624501188154,"GENE230",0.9624501188154
-0.10546485774717,10.0354781259983,0.243890432291796,0.621464481782167,0.9624501188154,"GENE374",0.9624501188154
0.130709861301089,7.98792915778264,0.23590486582056,0.627232813314672,0.9624501188154,"GENE168",0.9624501188154
-0.119390377159674,8.53157145151689,0.234005424705015,0.628622598898717,0.9624501188154,"GENE151",0.9624501188154
-0.101261293364191,10.3758512762118,0.233627805466502,0.628899724850782,0.9624501188154,"GENE174",0.9624501188154
-0.118016308029669,8.58874542003898,0.23257081354684,0.629676898471065,0.9624501188154,"GENE131",0.9624501188154
-0.0976930732314507,11.1971161012739,0.229097247564139,0.632246334882278,0.9624501188154,"GENE415",0.9624501188154
0.0986238289318357,10.7640931122481,0.228553292341441,0.63265087002101,0.9624501188154,"GENE493",0.9624501188154
-0.0966614793630665,11.9125398635408,0.227692589076604,0.633292178180533,0.9624501188154,"GENE108",0.9624501188154
-0.094602478073934,12.1113054355185,0.218588902590534,0.640168149278298,0.967487401564973,"GENE297",0.967487401564973
0.104902396046876,9.21435813107742,0.212118825619768,0.645161806548881,0.967487401564973,"GENE277",0.967487401564973
-0.0990875082559027,9.69455741071596,0.205580509226227,0.650302819892618,0.967487401564973,"GENE188",0.967487401564973
0.107550446003932,8.81180652150699,0.204139902706338,0.651448776922335,0.967487401564973,"GENE245",0.967487401564973
-0.0932000107558384,10.2935745696927,0.196177969789087,0.657871628940163,0.967487401564973,"GENE226",0.967487401564973
-0.143173492442619,7.00368116387532,0.185543032217536,0.666698710644199,0.967487401564973,"GENE454",0.967487401564973
0.0869546568664483,11.2433862602012,0.1817945748916,0.669881411181092,0.967487401564973,"GENE179",0.967487401564973
-0.0862101427202365,11.9409707091897,0.181359613535841,0.67025322807719,0.967487401564973,"GENE468",0.967487401564973
0.0888628581502975,10.1710291169236,0.175922010464246,0.67494652601757,0.967487401564973,"GENE344",0.967487401564973
-0.0853629936753066,11.1340134727402,0.174528127648692,0.676163322354003,0.967487401564973,"GENE181",0.967487401564973
-0.0845213823280985,11.9903526226056,0.174437435623703,0.676242689881047,0.967487401564973,"GENE337",0.967487401564973
-0.0860772521077833,10.7027986536504,0.173396144193138,0.677155698914851,0.967487401564973,"GENE228",0.967487401564973
0.0928918934548929,9.43746623676119,0.173355539060156,0.677191366782683,0.967487401564973,"GENE294",0.967487401564973
0.0864515891855953,10.4205957621915,0.171034707294939,0.679238202594663,0.967487401564973,"GENE157",0.967487401564973
0.103450930668624,8.42546113291609,0.170475955866545,0.679733414922163,0.967487401564973,"GENE394",0.967487401564973
0.0844806218940455,11.0531612354271,0.17024346760013,0.679939745377479,0.967487401564973,"GENE462",0.967487401564973
-0.083255229024301,12.5200277922398,0.169311448422239,0.680768560180528,0.967487401564973,"GENE305",0.967487401564973
-0.087361348660003,9.89284931914468,0.164128647282615,0.68542679865651,0.967487401564973,"GENE088",0.967487401564973
-0.0943325611896775,8.99621915835654,0.164086634636407,0.685464906953315,0.967487401564973,"GENE166",0.967487401564973
0.0831204539211237,10.8550942917336,0.163227586853213,0.686245369513899,0.967487401564973,"GENE463",0.967487401564973
0.0856916353037964,10.0779111163308,0.161850890456687,0.687501124097424,0.967487401564973,"GENE114",0.967487401564973
-0.0821181946898022,10.963945044734,0.160193926335143,0.689020781473061,0.967487401564973,"GENE183",0.967487401564973
-0.0859361473425448,9.83406553693511,0.157720030630742,0.691306738563954,0.967487401564973,"GENE377",0.967487401564973
0.080646831379608,13.1470945790418,0.157658931660275,0.691363457843446,0.967487401564973,"GENE401",0.967487401564973
0.0838941013340213,9.98344629933906,0.153328768910496,0.695416064581043,0.967487401564973,"GENE087",0.967487401564973
-0.0829273714495747,10.1742538168601,0.15323712669745,0.695502542274035,0.967487401564973,"GENE368",0.967487401564973
-0.0999995941127651,8.25991300166459,0.151541430503316,0.697108086549866,0.967487401564973,"GENE056",0.967487401564973
0.0873515355247666,9.3159610397375,0.149999917969757,0.698576645558801,0.967487401564973,"GENE324",0.967487401564973
0.079484847442465,10.9025228399703,0.149619518698128,0.698940376080403,0.967487401564973,"GENE259",0.967487401564973
-0.0883347308529092,9.1242272578572,0.14788172473024,0.700608817580084,0.967487401564973,"GENE264",0.967487401564973
-0.0872662442702293,9.19421450358268,0.146309031920869,0.702128475123001,0.967487401564973,"GENE247",0.967487401564973
0.07732234109074,11.5687658130607,0.145063370424732,0.703338788083781,0.967487401564973,"GENE103",0.967487401564973
0.0780119293458266,10.670814209842,0.142062763113742,0.706278882819546,0.967487401564973,"GENE210",0.967487401564973
-0.0804104812591335,10.0337369819344,0.14168072609419,0.706655753205772,0.967487401564973,"GENE042",0.967487401564973
0.0876768401143163,8.9235871560812,0.139416372206203,0.708901479672309,0.967487401564973,"GENE314",0.967487401564973
-0.0755308278095644,12.5543136314342,0.139360093872001,0.708957558911146,0.967487401564973,"GENE371",0.967487401564973
0.088596002389242,8.82026003454703,0.138936906124811,0.709379663397575,0.967487401564973,"GENE079",0.967487401564973
0.0751587271891123,13.6956442351212,0.135370544931468,0.712966329525261,0.967487401564973,"GENE153",0.967487401564973
0.0760042613873733,10.5568764254871,0.133767450034699,0.714596037155989,0.967487401564973,"GENE403",0.967487401564973
0.10158433535442,7.6738528482788,0.12670543012358,0.721910262976158,0.967487401564973,"GENE116",0.967487401564973
-0.0759714923520879,9.98826361406377,0.125774801859704,0.722891126523307,0.967487401564973,"GENE224",0.967487401564973
-0.0844163622138311,8.7351999321595,0.123572297200737,0.725228913060102,0.967487401564973,"GENE349",0.967487401564973
0.0780494831544521,9.47781405292129,0.123223020407983,0.725601788806599,0.967487401564973,"GENE173",0.967487401564973
-0.0701887229713537,11.936105628134,0.120178336571918,0.728877618624338,0.967487401564973,"GENE197",0.967487401564973
-0.0720025874981375,10.5517205790053,0.119980601030109,0.729091966408574,0.967487401564973,"GENE047",0.967487401564973
-0.079858234300569,8.9887383522715,0.117405515499903,0.731901638965842,0.967487401564973,"GENE136",0.967487401564973
-0.0692369780686398,11.8674847502637,0.116883502264101,0.732475394697753,0.967487401564973,"GENE390",0.967487401564973
0.106994190559675,7.24707401305425,0.116685521581164,0.732693373690137,0.967487401564973,"GENE338",0.967487401564973
-0.0709031008842186,10.5130588253308,0.115831129947219,0.733636444850177,0.967487401564973,"GENE085",0.967487401564973
0.0717901007067086,9.99247794582463,0.112379360928113,0.737486516392878,0.967487401564973,"GENE376",0.967487401564973
-0.0682301478202179,11.3610054865844,0.112299743248857,0.737576092713829,0.967487401564973,"GENE458",0.967487401564973
-0.0716845357954674,9.99707085430433,0.112149234164443,0.737745524138554,0.967487401564973,"GENE229",0.967487401564973
0.0688353276339569,10.5536745479863,0.109651658271139,0.740575756865342,0.967487401564973,"GENE248",0.967487401564973
-0.0843228506294361,8.30012111212548,0.109196527829066,0.741095349598769,0.967487401564973,"GENE312",0.967487401564973
0.0667131933631087,10.8936130118494,0.105340691181214,0.74554630083356,0.970763412543697,"GENE043",0.970763412543697
-0.0657731872505935,10.3308040440784,0.0981416275603837,0.754103920543089,0.974928116036428,"GENE367",0.974928116036428
0.0708755951395248,9.252349929872,0.097607982122102,0.754751823865092,0.974928116036428,"GENE489",0.974928116036428
0.0672960719596036,9.80952586490911,0.0963908914714553,0.756236812739895,0.974928116036428,"GENE058",0.974928116036428
0.0641544867270853,10.6728824190483,0.0961399893092066,0.756544218044268,0.974928116036428,"GENE343",0.974928116036428
-0.0639820079063558,10.456859409519,0.0938729857617377,0.759341906603099,0.976017874811181,"GENE204",0.976017874811181
0.0694083018469875,9.12354581505038,0.0912793719511495,0.762588370348626,0.977677397882853,"GENE370",0.977677397882853
-0.060236226666156,11.0277017823414,0.086504207286191,0.76869980367,0.982992076304348,"GENE348",0.982992076304348
-0.064206727369745,9.5047736598001,0.0837109335692358,0.772360055297204,0.98401671836851,"GENE351",0.98401671836851
-0.0583995277346771,11.6738140023318,0.0828984291655413,0.773437140637649,0.98401671836851,"GENE205",0.98401671836851
-0.0581040542544729,10.8956713825047,0.0799470031593132,0.777398502624794,0.984291901255026,"GENE130",0.984291901255026
-0.0618968103385655,9.24159053825123,0.0743188732214401,0.785177414589863,0.984291901255026,"GENE363",0.984291901255026
0.0546172247635887,13.0469522076445,0.0724138606923885,0.787881844597694,0.984291901255026,"GENE044",0.984291901255026
0.055393344737334,10.3776100995582,0.0699275295397524,0.791469572962414,0.984291901255026,"GENE167",0.984291901255026
-0.0535619495681694,11.799569505428,0.0698997869051449,0.791509987125188,0.984291901255026,"GENE242",0.984291901255026
0.0532322780821967,10.3896292611391,0.0646593193326436,0.799303869493538,0.984291901255026,"GENE075",0.984291901255026
0.0589857497744432,9.00718004927035,0.0642955732629054,0.799857146664667,0.984291901255026,"GENE155",0.984291901255026
0.0507297845655113,11.126666795302,0.0616051638223507,0.804002148892123,0.984291901255026,"GENE352",0.984291901255026
0.0524376451138946,10.1217489179015,0.060918567103295,0.805075285173596,0.984291901255026,"GENE162",0.984291901255026
-0.0510505008113828,10.2858813915232,0.0588230788424275,0.808390743846332,0.984291901255026,"GENE381",0.984291901255026
-0.0554826396841995,9.14043600834014,0.0585412782965442,0.808841348801142,0.984291901255026,"GENE453",0.984291901255026
-0.0573985639801406,8.82833892151456,0.0584657068205103,0.808962384302245,0.984291901255026,"GENE041",0.984291901255026
-0.0725607637004384,7.39437659510253,0.0574226635410097,0.810641455925529,0.984291901255026,"GENE355",0.984291901255026
-0.0484282318148377,10.7814169208986,0.055174242113365,0.814316620202839,0.984291901255026,"GENE362",0.984291901255026
0.0580767739088455,8.44536119458269,0.0541006913429231,0.816099279630125,0.984291901255026,"GENE128",0.984291901255026
-0.0466259650400856,12.059000435752,0.0531030383933211,0.817772699932281,0.984291901255026,"GENE077",0.984291901255026
-0.04614159573996,12.1470255225162,0.0520295645452073,0.819591894774762,0.984291901255026,"GENE350",0.984291901255026
0.0492261047121608,9.67806155859016,0.0506110534239476,0.822026368736072,0.984291901255026,"GENE122",0.984291901255026
0.0453372830659854,11.6339077188264,0.0499296253888095,0.823208596245375,0.984291901255026,"GENE435",0.984291901255026
-0.0492234508746826,9.58832911290134,0.049888961162765,0.823279412774988,0.984291901255026,"GENE234",0.984291901255026
0.0473108365829593,10.1194601612662,0.0495693633518901,0.823837048729203,0.984291901255026,"GENE060",0.984291901255026
0.0447030385746381,12.5334953989148,0.0488183189018548,0.825154946751425,0.984291901255026,"GENE135",0.984291901255026
0.0440414118030561,11.3118710372004,0.0467370004631654,0.828863705843977,0.984291901255026,"GENE392",0.984291901255026
-0.04393539499422,11.0712087039045,0.0461116208297769,0.829994916499314,0.984291901255026,"GENE275",0.984291901255026
-0.0433668864960366,11.8196985211454,0.0458254033623744,0.830515314262344,0.984291901255026,"GENE220",0.984291901255026
-0.0462959201514859,9.81485179131509,0.04567092673464,0.830796888513556,0.984291901255026,"GENE254",0.984291901255026
-0.0444085849113121,10.3453352386617,0.0448169536702436,0.832362540842244,0.984291901255026,"GENE134",0.984291901255026
0.0423605750960573,12.5512455023885,0.0438415999794397,0.83416991750453,0.984291901255026,"GENE161",0.984291901255026
0.0442135682204631,10.1187180853877,0.0433097885539974,0.835164238011808,0.984291901255026,"GENE148",0.984291901255026
-0.0451954780845133,9.75889650975052,0.0431528089020755,0.835458956943463,0.984291901255026,"GENE119",0.984291901255026
-0.0503730384583022,8.39376482212111,0.0400965399468304,0.841312301562945,0.984291901255026,"GENE105",0.984291901255026
-0.0495852103801819,8.47721847320423,0.0398062600889095,0.841880143976713,0.984291901255026,"GENE045",0.984291901255026
0.0450245815742543,9.26420935339587,0.0394775086121568,0.842525850182407,0.984291901255026,"GENE482",0.984291901255026
0.0477884260730097,8.7040848148867,0.039310557038917,0.842854832704386,0.984291901255026,"GENE327",0.984291901255026
0.0447162378087367,8.99310430072163,0.036838715149961,0.847813276938105,0.984291901255026,"GENE143",0.984291901255026
-0.0403398762206611,10.0356697565901,0.0356794204245762,0.850198220556075,0.984291901255026,"GENE317",0.984291901255026
0.0457516894421958,8.62002153418988,0.03524657063019,0.851098967677401,0.984291901255026,"GENE127",0.984291901255026
0.0362746702057194,11.9138341216581,0.0320827009480236,0.857864412259363,0.984291901255026,"GENE460",0.984291901255026
-0.035789112336035,12.0255610524666,0.0312852051854997,0.859623509297542,0.984291901255026,"GENE430",0.984291901255026
-0.0352598250970865,12.0706871068499,0.0303547704015979,0.861705325308214,0.984291901255026,"GENE243",0.984291901255026
0.0357720278965843,10.281058001771,0.0288658125386977,0.865106421369056,0.984291901255026,"GENE339",0.984291901255026
-0.0346774473128704,11.1021126739595,0.0287620949669107,0.865346662253258,0.984291901255026,"GENE357",0.984291901255026
-0.0386373239123892,9.1616144425282,0.028491817455407,0.865974807400317,0.984291901255026,"GENE053",0.984291901255026
-0.0372693692896948,9.2054270733816,0.0267563159154098,0.870083371973387,0.984291901255026,"GENE221",0.984291901255026
-0.0370637367367436,9.19351653400372,0.0263972472995172,0.870950355074999,0.984291901255026,"GENE055",0.984291901255026
0.0387421876540071,8.73473310001592,0.02600727608722,0.871898837833644,0.984291901255026,"GENE360",0.984291901255026
0.0350499574326015,9.67615754836462,0.0256555148096737,0.87276066553831,0.984291901255026,"GENE373",0.984291901255026
0.0363963700649638,9.19845017483772,0.0254708214962006,0.873215597681191,0.984291901255026,"GENE341",0.984291901255026
0.0328913201398391,10.7651740593345,0.0254090714478411,0.873368076010454,0.984291901255026,"GENE069",0.984291901255026
0.0316580109671339,11.8090995962779,0.0244278795435734,0.875816895373755,0.984291901255026,"GENE335",0.984291901255026
0.0305649412878172,12.3011665735377,0.0228353164143118,0.879901353666314,0.984291901255026,"GENE346",0.984291901255026
-0.0305126013581999,12.1298248664197,0.0227480565732627,0.880129298928115,0.984291901255026,"GENE154",0.984291901255026
-0.0352358714237919,8.89439690835878,0.0223828084491061,0.881088308867412,0.984291901255026,"GENE418",0.984291901255026
-0.0305655034041817,10.1812438904922,0.020855590041141,0.885187602247477,0.984291901255026,"GENE236",0.984291901255026
-0.0283764311705496,11.4193019144506,0.0194637529418872,0.889059182598533,0.984291901255026,"GENE082",0.984291901255026
0.0267706575520994,11.5630618441327,0.0173900674141775,0.895099271006305,0.984291901255026,"GENE253",0.984291901255026
0.0265686881442833,11.816290778079,0.0172057673328008,0.895653421722091,0.984291901255026,"GENE359",0.984291901255026
0.0268465683204292,10.9125523297762,0.017080069334243,0.896033102070054,0.984291901255026,"GENE263",0.984291901255026
-0.0266050584228472,10.1842625413355,0.0157983058546999,0.899988912475586,0.984291901255026,"GENE132",0.984291901255026
-0.0264077340050834,10.3034550745004,0.0157585015063125,0.900114320959355,0.984291901255026,"GENE257",0.984291901255026
-0.0258490366590989,10.5403444613846,0.0154529979358139,0.901082252361671,0.984291901255026,"GENE064",0.984291901255026
-0.0259940153289605,10.3293893687723,0.0153249065081958,0.901490975235118,0.984291901255026,"GENE252",0.984291901255026
0.0250300771870058,12.1198585960635,0.0153085029551595,0.901543441895501,0.984291901255026,"GENE427",0.984291901255026
-0.0268805942718067,9.62243716591968,0.0149681840588792,0.902638458522016,0.984291901255026,"GENE330",0.984291901255026
0.0251877834746728,10.7995673673566,0.0149400589122849,0.902729517194028,0.984291901255026,"GENE269",0.984291901255026
0.0262216784298491,9.83016154795184,0.0146786782365268,0.903579965352113,0.984291901255026,"GENE475",0.984291901255026
-0.0252681647537303,9.47917279083068,0.0129227169356779,0.909504360495599,0.985716484785049,"GENE180",0.985716484785049
0.023857903782859,10.2829665946523,0.0128444191291406,0.909777754371324,0.985716484785049,"GENE449",0.985716484785049
-0.0308284160860221,7.75168447628307,0.012045234928226,0.912618033303207,0.985716484785049,"GENE437",0.985716484785049
0.0225262419281685,10.8702963154119,0.012002250075908,0.912773464910955,0.985716484785049,"GENE365",0.985716484785049
0.0197045894192784,11.3444209373705,0.00936562981153465,0.922913833765466,0.987195770803254,"GENE402",0.987195770803254
0.019566668530734,13.4429533898877,0.00922990371924321,0.923472706241486,0.987195770803254,"GENE199",0.987195770803254
-0.0202337979872845,9.80276900630422,0.00870091410430373,0.925691503593264,0.987195770803254,"GENE262",0.987195770803254
0.0186123579808799,12.1901620074597,0.00846668822673228,0.926695647868302,0.987195770803254,"GENE432",0.987195770803254
0.0188516145893406,10.8616991366065,0.00839581830793943,0.927002225790048,0.987195770803254,"GENE118",0.987195770803254
-0.0198814127319093,9.2675429640434,0.00770585855736379,0.930057922006547,0.987195770803254,"GENE113",0.987195770803254
0.0187239499185744,9.82597003838503,0.00748180647517331,0.93107965244191,0.987195770803254,"GENE121",0.987195770803254
-0.0201616863942251,8.66101357237363,0.00691847314186172,0.933718838574271,0.987195770803254,"GENE097",0.987195770803254
-0.0159848121796733,12.1057336472804,0.00624251854811836,0.937032882958219,0.987195770803254,"GENE395",0.987195770803254
0.0161995824369958,10.6536029918138,0.00611926482516345,0.937656320348708,0.987195770803254,"GENE409",0.987195770803254
-0.0155509622716579,11.3768204421389,0.00583999608632821,0.939092707626108,0.987195770803254,"GENE271",0.987195770803254
-0.016330548009833,9.53909319869969,0.00544733192224509,0.941172099445094,0.987195770803254,"GENE171",0.987195770803254
-0.0150621481100268,10.8859058324317,0.00536054282989242,0.941641772072179,0.987195770803254,"GENE500",0.987195770803254
-0.0146235390066468,11.7035825881991,0.00520407666387863,0.942498274557825,0.987195770803254,"GENE169",0.987195770803254
-0.0144478907360493,11.0323908562337,0.00497797661643653,0.943759156887911,0.987195770803254,"GENE353",0.987195770803254
0.014041389027419,9.84850638029444,0.00421924215291967,0.948215768574309,0.988338511355245,"GENE326",0.988338511355245
-0.0160204214893403,8.451268152645,0.00412364368157726,0.948804970901035,0.988338511355245,"GENE091",0.988338511355245
-0.0123598657519521,11.4562886874374,0.00369731679939646,0.951520133150576,0.989106167516191,"GENE083",0.989106167516191
0.0118951999702811,10.7670634312371,0.0033257409084699,0.954017858985646,0.989645081935318,"GENE386",0.989645081935318
0.00738593857986349,11.3905345145719,0.0013175163685095,0.971048679300886,0.999794658457553,"GENE149",0.999794658457553
0.007212324936419,11.7710792305288,0.00126719631839082,0.971606693858392,0.999794658457553,"GENE176",0.999794658457553
-0.0073686458827971,9.39326278284367,0.00108260680282473,0.973755230952359,0.999794658457553,"GENE366",0.999794658457553
-0.00529867662036094,12.4070517618476,0.000686086556851224,0.979105809670965,0.999794658457553,"GENE442",0.999794658457553
0.00632670856879818,8.07121239619294,0.000570730213858771,0.980942765549254,0.999794658457553,"GENE499",0.999794658457553
-0.00463321421735273,10.4890767009759,0.000494378805429357,0.982263011047143,0.999794658457553,"GENE284",0.999794658457553
0.00504946841615163,9.05799545280684,0.000476737584185353,0.982582294354804,0.999794658457553,"GENE219",0.999794658457553
0.00409884493060213,8.47096854020698,0.000271314728867208,0.986859774680298,0.999794658457553,"GENE447",0.999794658457553
-0.00350282931635088,9.09477039942921,0.00023101061823587,0.98787490872219,0.999794658457553,"GENE478",0.999794658457553
0.00271075962648945,11.3393649813231,0.000177268789385889,0.989378421169501,0.999794658457553,"GENE268",0.999794658457553
-0.00340935980315196,7.40395052566608,0.000127327994249834,0.990998010484897,0.999794658457553,"GENE096",0.999794658457553
-0.00255654621730795,8.33927053487823,0.000101659620930135,0.991956359434658,0.999794658457553,"GENE260",0.999794658457553
-0.00166251435924223,11.214640991681,6.63981246826831e-05,0.993499318729869,0.999794658457553,"GENE480",0.999794658457553
-0.00154054712727456,9.71958745976477,4.98909258184905e-05,0.994365012678551,0.999794658457553,"GENE382",0.999794658457553
0.000883850221699706,11.7567330624685,1.90186416525031e-05,0.996520842054265,0.999794658457553,"GENE244",0.999794658457553
0.000689417904693092,9.39011499895541,9.45915742159217e-06,0.997546357326532,0.999794658457553,"GENE109",0.999794658457553
-0.000696803129456563,7.31659308005366,5.06800499420768e-06,0.998204009956386,0.999794658457553,"GENE070",0.999794658457553
-5.22042980946444e-05,11.5931106633731,6.62494230015675e-08,0.999794658457553,0.999794658457553,"GENE209",0.999794658457553
