"","N1","N2","N3","N4","N5","N6","N7","N8","N9","N10","N11","N12","N13","N14","N15","N16","N17","N18","N19","N20","N21","N22","N23","N24","N25","N26","N27","N28","N29","N30","T1","T2","T3","T4","T5","T6","T7","T8","T9","T10","T11","T12","T13","T14","T15","T16","T17","T18","T19","T20","T21","T22","T23","T24","T25","T26","T27","T28","T29","T30"
"SIG001",179,116,227,148,185,211,148,110,98,160,356,242,315,227,127,236,156,152,226,433,241,232,166,120,240,219,97,284,291,141,379,204,348,177,172,85,144,398,244,290,243,200,424,267,213,477,287,416,132,340,340,199,400,297,184,525,285,267,344,231
"SIG002",125,63,99,128,100,101,61,130,91,180,174,83,243,186,55,170,127,121,97,170,104,134,169,160,68,93,98,128,49,159,170,51,111,114,84,114,92,243,288,241,103,65,213,207,133,143,235,188,92,102,154,138,219,192,211,156,74,170,164,129
"SIG003",221,52,143,208,166,137,89,537,167,217,541,132,457,235,205,193,278,299,136,235,294,158,152,254,176,319,237,155,273,153,145,62,149,170,123,132,105,146,270,227,230,260,294,78,178,159,337,325,116,230,154,162,169,482,124,283,268,161,145,205
"SIG004",360,182,247,319,422,343,135,396,139,438,460,507,483,275,147,302,312,336,644,216,399,194,312,446,331,199,240,340,357,282,839,246,603,600,280,563,347,501,385,974,504,693,815,727,509,472,931,701,344,629,755,717,666,1134,623,1431,665,494,1064,529
"SIG005",106,57,143,156,152,139,162,228,99,143,220,144,236,42,179,180,151,146,156,90,124,129,98,113,123,112,132,268,140,94,614,250,491,241,230,268,356,285,264,676,220,305,514,225,306,350,508,364,168,366,377,332,361,354,129,572,402,311,351,397
"SIG006",97,40,102,94,144,83,96,92,121,151,184,104,126,94,69,194,69,147,101,137,116,56,74,100,122,109,149,134,26,139,155,72,236,219,102,140,178,143,114,129,154,206,239,89,66,167,461,199,144,383,151,242,153,332,137,285,166,220,178,369
"SIG007",112,147,144,180,73,126,185,286,106,308,323,105,211,133,171,449,166,169,112,216,125,118,194,114,164,135,118,297,140,144,308,122,433,279,343,215,109,448,166,213,160,370,238,249,248,217,462,276,278,599,296,608,386,301,349,307,215,273,436,451
"SIG008",91,33,94,158,65,125,94,270,112,130,160,152,138,102,110,123,121,190,176,167,87,130,49,138,87,107,102,112,76,196,110,138,116,235,191,165,135,126,197,142,160,189,303,230,151,152,117,204,85,392,262,170,95,124,210,265,128,144,269,294
"SIG009",66,37,59,124,86,63,58,74,96,179,93,68,68,46,93,83,165,147,96,62,102,71,98,94,109,79,39,41,39,63,228,102,138,178,128,173,80,149,78,254,182,198,221,241,128,78,273,320,117,249,327,193,333,127,123,257,129,122,170,272
"SIG010",183,123,215,192,205,269,108,274,146,127,269,187,136,195,356,287,207,429,169,78,275,214,305,236,145,325,131,312,153,287,322,239,389,232,233,332,235,272,245,255,456,266,296,336,327,214,313,317,206,317,491,436,583,560,254,624,363,355,330,660
"SIG011",107,39,65,85,48,77,70,89,70,107,100,54,69,47,135,104,103,58,89,82,41,80,72,89,80,96,64,38,127,65,143,41,72,76,20,114,32,98,117,77,58,87,152,78,87,75,57,105,42,116,45,102,66,70,82,177,57,134,113,109
"SIG012",48,10,18,18,30,45,24,35,16,26,40,56,48,37,36,34,16,45,28,37,35,23,26,29,28,32,15,50,15,29,37,13,37,27,30,34,4,35,29,23,27,41,61,33,32,13,16,42,12,51,35,62,4,21,34,71,40,47,52,51
"SIG013",71,32,90,51,83,86,49,145,59,110,93,64,102,88,94,103,122,44,123,124,45,81,116,79,61,112,45,104,81,103,38,58,59,44,113,82,42,90,99,90,66,102,128,94,108,87,57,108,69,89,130,131,67,98,89,109,47,146,241,59
"SIG014",141,88,136,270,122,136,170,288,211,298,430,208,361,194,129,216,219,310,221,290,345,173,379,270,103,224,267,254,281,184,134,118,334,180,215,192,116,333,192,236,225,163,313,212,115,106,281,162,141,319,323,223,197,332,256,478,229,371,174,183
"SIG015",350,123,200,215,143,203,158,288,223,393,211,296,279,226,198,213,360,357,241,418,489,245,395,149,190,179,235,511,240,128,225,103,232,152,250,238,315,156,116,317,299,271,284,193,313,220,402,299,217,415,344,319,324,404,280,498,347,282,210,502
"SIG016",89,41,58,130,141,71,80,136,58,115,165,130,274,74,120,104,130,200,70,81,106,79,115,135,90,112,74,102,146,102,107,65,130,94,110,73,73,139,155,80,89,110,169,78,97,76,153,164,51,116,179,149,191,122,62,160,73,131,141,217
"SIG017",109,61,140,83,148,114,89,214,72,209,89,126,130,156,95,89,111,122,187,177,171,135,85,95,79,110,78,112,112,121,153,58,179,121,112,109,77,110,114,151,97,82,182,154,110,68,101,147,60,140,113,118,149,136,84,218,70,140,115,160
"SIG018",160,118,115,114,175,188,127,214,98,181,77,126,348,106,108,217,221,168,137,166,145,243,186,138,248,249,179,148,84,170,153,104,311,61,145,138,186,263,122,180,120,165,203,165,196,150,200,266,160,307,171,101,184,190,113,326,153,205,149,115
"SIG019",44,29,12,37,61,41,28,44,31,47,34,15,59,25,38,47,24,61,28,52,62,32,30,33,30,24,25,27,38,38,98,39,31,34,22,25,28,44,83,50,29,55,153,79,61,40,31,56,39,66,60,28,36,54,45,58,29,34,24,61
"SIG020",742,218,715,577,578,622,646,1169,657,1580,1099,529,1889,371,459,783,1327,824,1005,932,910,821,957,759,841,716,678,843,482,676,779,581,1517,923,548,1027,352,913,728,1317,872,284,1154,989,928,577,925,1378,555,1944,916,737,1080,892,519,1007,894,1311,1293,932
"SIG021",76,60,107,109,67,90,53,83,41,153,117,79,67,104,165,101,137,136,107,96,89,65,138,131,90,72,83,81,121,91,78,90,90,172,62,70,68,129,143,127,105,72,132,107,39,94,110,72,37,115,108,139,56,162,58,192,56,187,129,79
"SIG022",233,201,174,199,261,302,79,174,154,217,269,192,262,165,212,272,249,302,197,445,245,292,190,433,236,159,123,184,133,190,319,91,202,197,284,139,113,282,325,293,275,219,238,264,142,145,143,260,167,292,248,171,190,172,124,407,255,203,189,266
"SIG023",1483,605,1339,2677,1148,1551,817,1139,1369,786,2328,750,1317,1026,917,2506,1186,1169,1753,2045,1682,1149,1444,1364,940,1521,1281,919,496,1126,2142,925,1401,808,981,626,898,1761,1173,2015,613,836,1884,1371,623,698,1483,1322,686,2272,1235,1489,1490,1253,964,3127,1701,513,1119,1432
"SIG024",136,90,79,242,181,248,81,264,96,335,144,205,285,226,228,229,235,241,171,251,246,152,319,157,128,128,236,179,129,169,207,121,334,129,71,78,116,284,221,241,200,294,395,195,144,114,301,256,111,161,172,199,222,210,180,328,142,318,350,384
"SIG025",136,55,59,88,103,132,45,137,106,176,238,128,111,111,128,177,66,94,148,130,161,89,71,171,147,89,67,159,94,75,95,77,152,79,99,91,108,104,170,88,83,69,138,132,75,103,280,63,71,156,127,182,131,123,129,158,93,145,137,191
"SIG026",51,40,39,35,35,49,21,55,17,54,56,35,45,19,39,59,38,38,57,41,59,15,27,46,36,34,39,37,28,30,61,23,54,44,53,11,27,39,50,29,29,35,77,62,36,34,52,30,12,68,42,51,64,24,23,63,22,37,71,51
"SIG027",26,30,29,71,46,45,23,55,34,99,64,32,48,50,84,45,97,63,44,126,39,23,75,44,41,75,66,42,47,56,118,33,71,22,62,63,57,40,56,49,73,50,102,39,40,37,64,54,17,149,49,51,75,49,43,55,40,55,39,98
"SIG028",115,99,118,94,198,64,51,195,64,86,119,76,95,103,96,293,186,127,125,130,181,86,134,131,87,108,85,126,117,155,170,52,183,124,70,87,170,207,84,166,130,167,161,129,64,57,102,108,61,165,201,122,181,90,136,188,184,117,222,319
"SIG029",63,74,48,55,65,62,56,148,44,139,114,61,62,57,90,143,127,147,37,95,143,74,61,111,90,132,66,33,61,50,141,37,83,76,33,88,39,119,94,82,130,49,118,43,35,51,138,121,16,115,136,99,85,153,51,179,78,118,106,167
"SIG030",244,113,133,191,136,242,81,252,164,380,175,114,180,185,315,439,312,209,222,445,381,115,241,197,324,340,249,170,272,199,89,122,280,161,191,155,163,174,179,188,352,232,435,164,108,227,209,245,215,380,276,310,325,128,184,294,130,217,174,309
"SIG031",63,24,39,59,37,35,29,42,36,24,60,73,79,71,40,60,94,120,45,67,63,36,47,48,25,44,40,56,47,69,56,36,40,59,32,34,36,81,126,90,84,39,98,41,37,43,17,72,49,101,113,56,59,57,40,85,47,84,86,94
"SIG032",662,67,488,470,480,339,270,1280,567,891,996,472,617,257,429,449,595,774,586,635,869,505,738,575,636,532,265,701,425,692,465,397,699,680,348,287,396,600,526,512,723,601,646,244,422,648,340,432,256,1235,1048,443,1013,750,434,698,651,389,701,1027
"SIG033",90,18,29,100,55,33,28,49,24,33,79,41,42,64,52,65,118,79,30,25,49,16,33,39,26,51,31,76,43,37,62,18,35,55,31,23,18,37,56,48,57,24,48,46,49,54,31,26,42,90,71,48,56,40,28,91,26,53,65,59
"SIG034",246,69,89,257,160,106,123,353,145,349,184,115,298,172,129,193,297,106,153,141,236,140,272,84,177,256,197,159,229,177,325,84,165,261,140,107,273,231,185,246,85,177,471,91,136,96,242,250,118,340,165,151,217,297,287,281,203,132,186,251
"SIG035",51,62,57,37,81,38,42,176,60,101,149,94,102,59,63,64,87,26,90,101,70,66,106,62,86,63,36,76,90,68,44,22,118,70,40,47,35,80,45,49,91,47,105,121,27,65,128,78,40,70,110,96,68,102,63,126,47,53,72,43
"SIG036",35,26,21,49,41,36,47,40,30,65,57,53,30,25,86,38,64,59,25,84,48,40,52,39,12,34,29,46,39,46,32,22,33,48,52,32,37,53,33,50,44,40,59,38,52,61,58,36,35,54,47,38,73,67,16,59,23,30,26,48
"SIG037",119,125,76,101,145,79,88,187,104,223,219,131,230,158,168,314,139,138,108,161,116,195,165,122,146,92,87,120,123,115,256,108,211,96,146,175,78,174,184,197,93,93,334,90,200,137,166,148,61,265,263,252,119,72,143,204,96,329,198,258
"SIG038",36,36,47,41,34,22,16,35,24,30,72,54,58,26,46,49,46,49,15,39,38,24,48,26,18,34,25,31,33,57,22,26,32,34,51,12,17,42,25,45,83,32,54,43,32,43,48,23,34,54,32,36,45,95,50,108,34,27,75,39
"SIG039",221,128,266,188,198,190,101,244,164,329,378,291,277,196,395,459,269,543,429,229,273,198,112,201,335,226,338,524,380,273,239,167,235,148,173,198,116,172,266,170,299,146,384,174,248,205,283,431,58,420,140,149,323,353,241,341,222,378,296,317
"SIG040",182,104,149,194,293,310,277,413,187,861,180,205,267,223,452,407,338,328,310,271,281,156,484,248,269,222,362,409,256,159,212,105,330,93,233,158,184,245,317,244,226,243,303,327,323,160,176,181,226,389,153,259,257,441,225,419,321,232,350,294
"SIG041",255,134,183,282,121,113,286,295,217,315,293,277,461,184,405,410,183,254,272,362,239,291,306,364,284,237,425,498,416,143,527,204,551,223,256,171,248,375,471,348,183,220,385,215,222,266,613,564,204,789,595,270,268,573,273,382,236,697,269,696
"SIG042",393,166,323,226,219,567,194,300,591,245,547,234,865,488,427,534,404,466,407,514,531,467,474,277,142,187,187,353,665,391,398,290,223,248,173,296,384,928,347,510,577,409,566,298,334,354,434,332,191,514,318,607,437,418,408,481,353,379,319,507
"SIG043",80,19,74,87,72,82,53,115,47,86,102,87,86,92,70,98,125,84,66,141,104,46,55,102,92,61,50,59,66,65,165,29,153,50,43,45,42,91,119,79,49,52,134,51,36,44,144,78,44,129,43,95,60,99,58,152,56,84,70,89
"SIG044",78,47,45,63,119,86,73,122,66,84,87,61,117,81,130,129,116,113,46,46,82,40,177,102,95,103,83,73,152,52,54,81,166,59,69,50,81,152,103,42,113,56,123,109,96,106,111,123,65,234,85,37,160,106,84,170,70,133,105,163
"SIG045",30,29,18,61,36,23,33,30,36,30,60,44,43,27,54,68,43,20,38,30,77,20,48,24,37,28,25,44,27,37,32,8,45,30,19,14,30,43,68,31,52,28,55,43,23,19,42,36,14,59,53,35,44,56,43,94,13,15,37,78
"SIG046",289,120,212,214,399,175,179,491,183,468,329,364,276,292,250,222,380,379,217,260,138,193,171,291,274,178,229,206,290,223,299,99,442,328,240,152,158,444,253,332,256,279,453,195,221,329,230,216,132,709,575,412,294,342,264,398,185,378,255,305
"SIG047",61,56,50,71,56,132,32,86,51,97,148,92,188,88,57,83,51,81,131,94,131,69,108,95,55,77,79,83,68,139,68,58,44,76,67,121,34,135,71,142,176,22,150,75,74,63,124,68,81,145,92,67,95,94,64,149,56,106,75,115
"SIG048",106,43,64,105,77,116,54,129,78,136,101,109,135,159,247,149,174,196,222,216,73,79,78,122,172,194,113,111,154,133,88,43,119,126,113,97,89,195,242,155,96,96,107,187,86,158,146,148,92,279,112,160,211,268,144,346,117,102,156,282
"SIG049",285,190,183,187,154,262,156,478,113,225,388,258,282,149,402,482,152,172,207,319,196,191,444,353,118,259,119,270,308,171,358,141,161,126,157,247,205,268,258,158,283,221,330,192,134,227,244,194,95,348,474,346,210,280,113,400,161,632,421,394
"SIG050",138,111,127,103,95,87,124,228,108,421,142,100,243,170,190,249,118,254,170,225,224,140,298,272,153,276,136,174,231,130,152,116,134,143,169,179,133,141,148,240,114,166,411,101,146,276,259,191,72,247,259,90,243,135,159,303,184,120,239,161
"SIG051",202,33,82,284,151,160,78,227,138,189,267,130,149,130,94,348,281,275,75,210,98,134,117,105,115,92,115,195,129,194,113,59,204,132,90,67,81,212,216,123,112,129,140,143,144,173,96,93,142,175,179,196,192,219,124,354,121,239,245,232
"SIG052",33,8,58,34,39,43,33,88,37,86,93,24,39,39,43,78,37,41,53,65,74,44,61,32,36,92,48,30,18,34,49,29,76,68,51,18,67,50,60,49,74,38,81,23,23,67,41,96,50,53,59,54,46,64,47,48,21,44,48,96
"SIG053",59,60,108,141,142,88,67,98,41,110,131,121,144,38,98,99,80,94,95,134,104,96,156,84,70,108,81,102,116,84,105,60,127,59,80,92,37,84,75,83,72,146,386,118,61,98,215,77,66,198,147,104,180,155,90,224,144,147,184,112
"SIG054",211,181,174,232,264,267,177,247,208,298,447,539,299,309,334,402,330,384,318,309,324,264,520,282,189,250,225,310,227,577,482,123,395,334,167,238,192,191,291,328,169,249,416,203,141,263,275,161,164,566,277,227,356,331,338,392,315,190,222,269
"SIG055",277,40,156,189,217,72,120,197,183,228,280,141,213,110,167,99,69,161,206,227,157,231,125,212,102,137,119,64,183,192,134,80,146,156,85,134,92,127,150,235,215,131,254,82,98,121,172,254,124,231,173,200,199,154,207,280,122,155,202,121
"SIG056",288,119,197,195,243,252,127,368,263,346,450,334,454,375,639,382,569,339,122,237,285,232,413,242,278,119,310,349,475,324,237,225,244,243,236,187,141,403,307,310,118,168,297,419,285,196,650,215,107,827,342,657,288,313,146,309,297,318,321,645
"SIG057",90,108,172,199,160,136,82,319,150,278,354,278,258,262,389,363,339,303,171,255,216,180,281,206,169,195,175,151,176,260,189,65,166,184,268,82,143,228,200,206,287,147,235,104,113,256,258,215,114,177,310,499,209,329,181,463,116,160,193,209
"SIG058",81,38,52,75,38,76,48,70,53,154,155,52,149,54,43,152,93,133,47,85,40,17,74,48,115,87,81,67,58,36,84,29,49,37,48,71,34,98,55,79,77,101,93,58,57,88,92,53,17,117,43,81,67,62,72,42,44,90,67,53
"SIG059",68,28,59,90,75,57,34,105,85,92,50,35,84,76,72,112,74,84,64,77,66,42,47,52,59,72,53,81,44,41,74,59,91,91,64,30,29,110,63,37,57,37,104,61,57,94,76,85,51,64,45,61,92,99,46,89,40,69,35,93
"SIG060",50,41,79,167,50,78,74,80,71,211,224,87,138,126,166,101,116,204,87,196,158,95,86,57,83,117,72,83,110,84,138,85,61,59,95,156,65,163,100,147,106,128,179,92,134,77,144,192,45,212,138,78,129,173,148,139,111,226,160,206
"SIG061",204,68,208,180,214,204,195,482,68,195,259,172,243,128,127,194,177,237,135,174,162,156,231,158,206,172,210,187,176,150,214,123,215,125,172,192,135,372,237,160,116,215,195,246,77,188,228,136,105,227,286,160,324,284,145,147,204,298,233,243
"SIG062",149,89,138,212,204,163,146,196,146,321,244,152,232,156,194,328,227,293,208,267,322,187,233,219,162,126,93,162,168,262,283,120,346,129,141,133,66,363,136,199,173,162,232,120,121,188,318,167,94,335,239,126,186,333,200,306,85,191,310,436
"SIG063",179,40,276,90,201,154,137,230,150,301,289,160,260,78,179,311,114,377,208,104,156,132,205,102,207,185,54,128,259,278,293,138,175,139,120,137,194,264,298,225,165,194,199,189,157,252,203,175,46,241,278,143,232,225,216,467,124,231,100,246
"SIG064",328,164,315,371,202,285,418,298,166,441,311,367,421,304,431,371,273,466,302,435,285,477,605,244,555,392,204,243,495,363,420,246,302,340,201,312,186,485,335,321,189,259,611,384,169,187,449,321,154,253,307,261,300,391,306,638,308,555,237,191
"SIG065",43,24,38,87,48,25,20,48,31,82,90,45,23,36,66,61,57,76,32,54,50,63,62,79,27,18,34,32,36,26,43,17,64,33,66,24,48,62,33,66,35,56,59,37,60,52,43,35,24,12,49,56,74,75,16,70,30,26,50,91
"SIG066",16,9,4,16,18,5,14,23,14,20,20,8,25,28,16,48,13,24,8,42,12,13,21,9,10,19,5,29,8,22,12,7,33,16,15,13,9,14,27,18,20,8,12,12,15,5,12,22,10,14,25,33,12,18,8,24,14,31,20,19
"SIG067",65,25,67,54,37,54,33,96,26,74,100,54,54,37,44,86,86,43,86,87,121,80,67,94,83,72,28,101,55,34,119,53,67,68,57,70,28,103,60,37,40,38,56,56,49,64,29,74,33,58,78,63,89,52,22,149,55,61,53,77
"SIG068",88,78,70,90,62,78,57,113,50,90,72,85,121,81,60,120,64,133,65,137,100,51,111,67,81,90,85,58,66,82,160,68,65,56,125,26,55,115,59,108,85,67,82,57,50,76,74,134,32,66,66,79,88,79,96,272,66,124,89,169
"SIG069",407,140,412,337,265,461,372,811,164,332,712,738,622,377,404,490,381,754,601,383,189,507,241,692,214,325,465,583,412,439,520,218,504,473,284,585,314,734,436,734,670,543,644,609,485,467,401,210,453,404,402,749,418,596,167,563,375,638,531,283
"SIG070",82,55,96,90,115,53,55,209,63,94,101,138,83,113,75,164,72,89,81,91,97,49,125,64,57,73,85,61,87,56,92,51,130,94,47,63,72,83,138,103,86,70,117,63,46,87,116,106,33,119,98,145,115,66,69,188,66,85,98,144
"SIG071",114,85,97,116,150,35,119,162,82,121,155,140,230,84,160,134,266,134,107,147,173,135,102,114,96,175,70,132,98,133,96,81,92,121,91,86,95,142,132,163,117,51,118,165,109,58,108,148,76,176,157,111,137,145,117,132,89,115,117,308
"SIG072",69,25,42,76,75,23,63,96,43,91,65,50,117,70,37,69,143,56,34,71,67,75,60,81,74,62,75,72,74,46,97,42,51,55,57,65,45,94,77,83,121,102,64,41,40,41,107,36,48,82,44,96,81,109,68,105,63,72,97,80
"SIG073",60,43,57,82,77,23,21,54,31,67,150,78,66,59,75,164,94,73,77,79,90,51,41,40,60,57,52,51,64,48,85,40,37,60,58,49,23,103,33,72,47,50,117,45,36,39,87,81,57,91,71,56,63,47,44,131,53,93,74,87
"SIG074",17,17,20,26,18,20,21,32,8,16,29,21,35,15,29,24,50,30,8,18,29,11,13,24,15,5,17,26,10,17,24,8,18,11,19,14,17,22,40,17,30,14,43,10,16,23,29,21,9,22,35,29,18,25,39,13,10,19,11,53
"SIG075",103,34,83,83,54,100,29,134,41,84,66,30,95,103,66,128,99,129,67,70,61,105,64,132,64,45,50,72,31,70,77,48,100,33,69,57,67,156,65,117,66,69,144,64,76,76,100,50,34,186,117,75,137,84,65,98,73,143,113,178
"SIG076",273,71,147,159,353,260,136,554,247,271,342,258,255,262,315,330,217,240,150,387,237,267,409,242,216,206,264,350,257,234,281,127,343,174,196,124,300,386,276,235,266,476,393,193,129,146,315,281,168,502,169,262,226,291,221,309,185,264,306,372
"SIG077",88,38,86,88,71,44,45,123,71,47,113,76,80,88,81,188,107,57,36,84,57,70,61,73,35,70,40,80,48,131,115,42,96,101,59,65,46,102,61,79,105,50,58,53,91,103,70,70,50,119,107,99,52,157,65,128,57,79,52,138
"SIG078",477,288,119,315,345,437,273,273,246,543,498,386,657,220,524,512,588,632,304,540,589,501,530,450,439,492,283,570,261,406,456,264,277,248,228,462,308,763,482,573,434,217,384,363,223,499,828,463,283,670,526,513,352,586,409,933,385,374,588,319
"SIG079",107,41,78,100,80,30,49,77,30,110,97,83,66,35,60,76,83,65,90,68,81,55,75,104,52,78,75,71,34,59,76,36,99,70,13,36,50,97,104,77,56,77,69,68,71,92,106,41,38,60,47,92,94,106,42,92,91,80,92,94
"SIG080",82,16,22,40,61,27,85,80,56,149,85,42,64,53,86,98,55,127,71,116,53,56,79,94,42,138,49,71,109,55,46,29,127,59,39,68,73,91,90,77,93,42,142,62,64,53,92,127,34,97,90,81,43,91,86,181,45,68,53,101
"SIG081",41,19,37,31,52,18,20,35,31,60,63,42,83,41,69,124,58,77,62,33,56,67,53,49,42,65,43,93,18,25,96,25,82,66,22,55,23,88,75,45,44,60,53,33,44,45,80,33,29,63,43,43,61,33,11,119,30,44,86,82
"SIG082",428,139,261,500,323,247,297,477,386,577,524,312,373,349,382,365,426,250,381,562,571,494,604,396,227,328,141,434,269,207,471,157,367,194,144,396,139,619,591,399,347,563,627,327,305,439,225,292,154,1058,375,470,373,414,231,800,257,304,786,392
"SIG083",140,60,83,79,92,103,81,108,148,199,122,153,154,140,106,301,158,130,68,158,100,128,282,170,90,116,56,248,159,85,141,113,179,122,86,139,123,240,147,160,178,109,226,110,86,239,202,245,124,405,200,111,132,189,133,394,130,196,88,265
"SIG084",72,40,54,52,56,45,46,137,42,85,62,38,46,59,66,68,88,74,58,50,62,49,42,59,94,58,40,78,19,35,64,19,63,35,15,58,46,41,57,40,48,41,51,35,28,35,51,47,45,79,66,53,42,42,36,91,42,30,57,70
"SIG085",130,22,92,88,76,59,38,192,73,215,208,145,154,80,114,184,158,165,90,66,215,79,100,106,102,71,122,140,74,127,149,81,98,76,110,90,118,55,110,259,133,50,213,123,122,210,125,127,103,176,185,177,116,171,81,214,72,120,218,132
"SIG086",81,63,149,127,133,107,112,132,72,156,172,112,184,116,254,142,78,80,114,104,143,126,235,108,74,136,65,130,80,64,225,52,119,119,32,69,101,122,110,128,93,96,83,200,138,88,197,96,81,277,107,192,118,61,98,127,146,145,145,196
"SIG087",263,74,340,438,431,248,222,462,331,543,409,234,526,195,353,703,307,350,368,189,495,208,205,466,274,215,250,267,239,372,384,229,221,493,302,519,199,535,427,459,278,119,747,374,536,279,197,430,320,726,538,342,387,308,210,557,279,451,395,240
"SIG088",42,32,42,103,81,30,36,47,88,86,85,83,81,93,82,38,90,76,119,45,40,33,113,56,32,49,45,53,27,47,48,25,47,51,28,44,26,69,32,50,71,68,118,42,59,36,36,70,22,49,60,98,76,51,57,87,36,52,78,88
"SIG089",94,17,31,40,82,30,30,57,45,40,91,31,36,70,42,43,83,26,67,59,56,68,61,26,14,57,34,61,44,64,41,24,108,55,37,32,27,60,85,39,59,27,61,32,30,40,70,73,57,64,37,45,48,60,48,103,35,49,104,40
"SIG090",203,157,166,180,185,214,117,315,277,211,560,356,322,291,212,315,200,367,252,176,261,245,236,346,290,239,295,147,167,257,385,53,151,128,205,249,256,355,236,261,256,340,287,262,348,336,395,355,175,422,294,192,288,324,440,785,109,145,251,343
"SIG091",120,94,94,147,169,185,38,249,90,275,292,162,303,139,207,233,169,222,199,206,220,318,243,210,270,200,98,135,247,178,304,101,172,213,161,173,99,198,238,200,306,164,232,195,258,181,122,263,186,117,209,209,329,218,213,222,241,155,216,113
"SIG092",72,61,30,34,66,39,20,122,28,62,115,39,60,89,97,49,61,60,35,59,40,45,56,69,30,47,74,92,45,62,66,42,26,67,44,56,48,85,40,39,46,26,94,59,38,38,50,100,60,100,26,121,93,81,63,38,54,67,80,75
"SIG093",319,381,841,436,584,219,267,563,329,720,540,659,758,577,638,519,618,716,336,369,833,636,496,334,366,417,491,454,363,350,313,184,442,526,350,570,426,353,766,386,600,251,338,654,378,578,534,449,229,868,781,566,524,460,529,1278,247,732,583,828
"SIG094",95,57,131,149,158,93,76,225,157,318,113,122,137,96,76,173,71,94,121,147,66,216,197,108,100,130,142,138,103,93,139,47,110,181,75,143,57,174,94,170,66,91,144,111,73,145,101,209,60,211,113,148,164,197,80,119,87,119,169,166
"SIG095",84,38,112,73,72,112,43,122,78,96,130,63,85,54,91,65,103,138,88,68,98,91,69,99,106,72,49,64,172,113,79,22,102,99,60,78,53,146,72,68,102,78,165,65,85,79,97,127,55,184,90,59,131,133,60,150,103,102,86,176
"SIG096",54,41,34,58,73,28,41,55,71,48,57,61,58,55,36,88,45,58,32,79,34,109,45,65,62,60,32,54,48,63,50,30,43,48,39,32,32,55,88,62,71,57,127,34,30,62,58,43,37,52,98,65,83,52,37,49,37,74,88,88
"SIG097",26,17,12,14,32,26,9,37,13,20,50,27,42,44,42,35,31,27,25,44,21,24,29,22,34,54,35,22,65,13,22,6,32,16,40,8,36,41,25,28,32,37,26,28,30,39,52,26,29,45,34,36,42,46,42,33,43,15,37,24
"SIG098",35,21,27,38,25,26,18,40,54,52,57,33,59,38,50,72,37,52,25,59,38,41,34,14,37,57,27,24,39,19,34,19,48,18,29,44,33,40,43,62,35,31,81,32,18,45,63,41,17,73,26,36,26,37,30,91,40,29,23,88
"SIG099",54,47,62,44,85,57,27,71,34,35,79,66,75,54,61,85,65,61,120,42,83,54,31,59,56,34,84,62,72,67,28,41,48,44,60,56,61,60,28,51,21,81,128,62,71,42,123,55,47,57,41,63,64,112,63,124,51,39,60,121
"SIG100",224,49,98,191,126,82,116,145,101,135,99,266,219,75,229,214,118,78,76,196,107,93,122,138,112,122,87,139,153,97,224,84,177,113,121,101,77,103,186,211,160,84,149,102,220,102,205,101,120,233,193,192,170,152,133,244,124,146,186,311
"SIG101",463,117,135,189,194,182,115,284,141,337,312,143,237,93,303,253,398,194,260,187,204,139,345,183,125,337,138,262,139,266,157,107,167,145,59,136,110,275,174,196,205,221,317,297,75,301,342,122,129,224,463,485,115,229,212,449,131,258,216,326
"SIG102",126,50,74,155,121,149,77,156,48,115,88,118,106,105,87,171,100,118,59,140,79,54,127,76,46,107,45,96,75,82,123,87,157,94,75,88,85,88,136,151,63,85,90,57,27,57,75,102,51,121,65,143,114,161,153,123,106,195,80,230
"SIG103",229,151,234,391,178,180,246,259,250,239,250,413,240,462,179,343,202,198,206,151,198,211,168,274,272,424,238,336,337,364,168,151,326,153,211,248,75,157,628,235,253,301,453,180,213,132,339,298,100,386,162,390,313,318,239,665,403,190,166,415
"SIG104",114,54,126,208,85,198,82,147,131,199,174,87,113,96,132,152,179,121,134,144,204,207,137,136,109,145,197,199,103,113,169,100,158,146,78,145,174,253,227,140,190,123,72,63,112,112,211,164,72,226,120,130,175,153,197,320,48,216,165,295
"SIG105",37,25,20,42,33,48,39,33,41,47,43,28,40,31,29,43,64,56,43,21,54,33,64,48,42,37,43,66,43,19,23,13,47,51,51,11,21,30,65,74,34,34,49,29,50,55,52,31,47,95,92,52,64,34,37,138,36,50,22,70
"SIG106",90,25,188,138,79,146,39,178,54,86,101,222,75,49,54,123,172,128,204,211,106,76,112,86,133,121,136,112,111,69,85,72,118,67,85,91,55,106,104,103,142,128,148,64,81,140,89,118,81,187,149,133,141,114,202,291,83,94,185,75
"SIG107",72,12,57,40,45,23,32,73,19,47,67,34,54,36,66,17,46,49,17,38,26,36,38,41,41,22,28,51,54,24,52,26,80,29,21,62,26,27,38,64,27,31,54,52,51,33,74,71,18,38,52,60,47,54,24,100,58,38,56,100
"SIG108",263,176,314,547,343,582,169,649,268,828,628,358,388,254,534,492,528,675,646,320,410,397,251,197,274,368,196,262,311,328,696,271,707,402,186,367,363,565,358,224,519,151,609,460,239,305,174,487,274,513,338,582,419,642,274,666,258,563,467,950
"SIG109",125,69,110,124,110,145,121,231,123,89,231,176,198,127,125,178,141,218,97,240,247,177,201,194,146,143,141,214,176,161,106,109,153,69,121,120,88,164,194,119,143,65,197,153,68,98,272,183,85,203,209,174,147,121,115,232,84,241,179,205
"SIG110",203,67,464,420,369,196,243,397,176,465,406,246,318,137,500,377,408,413,264,604,394,480,350,321,313,431,482,307,539,271,475,225,208,259,293,312,354,680,427,427,407,373,403,267,292,219,390,283,226,457,334,425,402,281,265,307,397,228,183,317
"SIG111",68,16,31,26,28,40,20,71,40,31,44,27,63,22,44,73,57,47,48,47,53,39,39,64,51,50,40,63,69,64,54,40,60,38,61,40,27,51,60,51,104,19,57,46,20,42,67,47,36,107,23,53,49,50,59,80,27,54,73,64
"SIG112",67,42,50,205,90,122,83,130,58,75,43,97,72,37,105,163,112,116,152,149,99,90,55,80,46,112,103,151,88,75,78,76,122,72,26,64,82,89,155,144,55,84,39,99,25,93,87,142,64,104,68,185,127,102,47,125,107,119,75,84
"SIG113",147,72,74,71,79,49,47,149,54,98,88,93,55,63,46,112,67,130,120,139,55,74,92,178,96,96,94,55,78,80,100,70,108,66,71,89,69,64,129,81,59,69,185,155,96,180,153,93,42,170,106,79,101,102,102,140,63,99,114,109
"SIG114",32,13,12,28,53,10,10,44,13,20,35,13,48,39,11,34,30,37,20,46,33,34,10,42,21,18,14,37,29,26,30,12,20,29,29,31,31,24,22,23,25,23,23,26,23,15,24,30,16,24,33,37,29,28,13,48,13,61,42,25
"SIG115",114,57,64,99,66,87,22,137,59,168,129,109,145,102,155,136,139,72,123,111,113,110,79,142,126,116,81,149,85,166,187,57,87,83,90,65,97,197,137,123,79,131,84,66,57,94,112,141,64,180,85,104,97,116,86,96,77,88,100,145
"SIG116",262,81,135,447,299,315,196,534,163,349,134,255,438,165,353,380,412,364,213,346,282,138,156,391,143,483,313,388,303,278,599,178,126,327,315,139,203,210,409,273,282,165,712,393,111,286,576,178,120,434,426,235,264,366,332,913,296,394,249,431
"SIG117",29,14,44,63,38,24,14,32,50,34,53,31,51,19,39,38,44,47,34,60,15,35,30,34,27,41,26,28,31,41,10,30,74,17,26,18,22,51,59,34,27,43,21,35,33,30,40,59,15,51,37,21,20,57,28,59,35,25,32,65
"SIG118",121,109,69,93,83,49,45,86,47,145,207,80,205,75,146,118,224,55,93,163,137,122,125,209,114,138,104,112,129,129,82,58,68,83,71,95,72,181,103,192,90,139,130,155,114,72,55,173,62,135,161,95,288,160,90,198,108,127,127,284
"SIG119",101,58,47,101,112,100,47,90,96,109,131,73,79,87,89,199,109,121,80,36,76,76,66,163,132,79,79,103,117,84,179,62,115,106,66,78,61,54,100,86,114,193,114,125,120,48,148,158,56,133,126,119,129,146,75,218,94,159,182,101
"SIG120",147,17,52,123,90,118,56,113,70,92,81,79,94,83,87,114,88,112,61,122,107,86,122,60,102,98,57,67,73,79,58,52,101,63,43,44,83,229,115,114,140,99,146,90,67,135,156,80,80,184,104,129,83,235,63,88,105,60,87,117
"SIG121",43,39,64,71,85,31,33,89,41,101,83,47,76,72,56,76,77,112,41,107,44,77,74,49,68,77,54,50,125,67,155,26,115,47,55,82,43,75,79,117,67,63,162,71,87,80,73,128,70,99,50,42,129,69,27,210,90,103,75,95
"SIG122",41,30,92,70,33,51,28,80,34,78,125,39,94,76,92,47,72,100,43,93,43,41,92,37,47,26,43,36,62,77,79,38,62,75,36,60,45,45,62,85,57,46,102,47,35,68,83,62,31,149,57,58,96,56,53,97,63,86,69,60
"SIG123",91,50,69,140,48,41,43,148,66,176,140,95,70,52,103,108,195,205,80,128,57,63,122,99,115,52,59,98,70,57,99,46,216,67,66,48,77,106,119,70,110,45,128,79,57,87,105,65,91,126,95,84,104,95,41,157,70,49,76,71
"SIG124",37,17,21,35,48,31,14,81,29,58,53,27,69,24,48,29,40,32,29,68,47,33,52,29,15,45,30,84,52,26,44,31,55,22,22,20,44,69,37,54,38,44,71,32,56,24,23,69,20,67,75,63,47,83,30,40,27,61,45,100
"SIG125",158,86,127,239,142,131,55,120,151,233,263,179,246,81,247,203,227,190,165,241,185,174,177,122,134,146,158,114,123,118,69,96,157,113,114,115,161,156,104,91,182,167,313,103,107,156,126,203,60,211,163,90,148,188,216,237,148,169,178,236
"SIG126",142,80,97,72,53,100,80,170,84,128,227,92,87,211,116,107,146,55,133,92,47,92,120,111,114,174,63,223,110,150,91,83,185,52,72,74,83,159,183,188,100,116,139,134,80,112,174,163,84,227,165,105,75,171,194,237,124,129,142,92
"SIG127",11,23,42,33,49,26,10,72,53,66,40,46,54,30,55,69,33,33,33,64,42,28,39,35,46,33,31,59,28,27,27,32,33,52,30,12,40,59,106,22,54,27,68,11,34,30,67,22,36,72,32,20,85,70,29,78,26,51,36,56
"SIG128",89,42,153,89,87,96,108,148,107,162,113,113,197,85,121,250,151,161,180,156,130,34,97,127,88,131,85,126,77,93,92,75,186,60,67,125,84,183,100,115,205,80,166,108,98,149,223,86,59,89,102,163,150,187,76,194,145,68,116,185
"SIG129",20,13,30,20,27,31,25,38,34,52,38,31,39,20,51,31,57,38,14,12,46,28,36,23,22,37,22,36,25,29,48,12,39,16,32,11,17,31,45,41,35,31,71,52,23,30,22,26,17,31,32,35,33,83,41,52,22,29,9,34
"SIG130",55,45,72,105,175,68,45,114,57,154,114,92,179,80,140,96,98,145,69,135,84,106,74,132,67,110,71,173,112,214,154,75,91,116,110,87,66,134,237,222,138,74,189,64,104,128,146,220,97,184,132,96,174,192,222,139,56,116,169,170
"SIG131",244,108,298,296,256,133,121,276,178,386,259,186,302,133,201,657,319,235,109,193,226,218,327,182,152,79,234,270,272,329,298,96,322,186,155,136,202,287,223,217,309,189,343,145,369,184,345,213,197,352,297,454,240,210,256,514,114,240,84,331
"SIG132",107,68,58,114,125,72,101,86,62,149,146,105,78,112,232,208,93,141,62,152,167,245,130,100,131,72,76,148,109,168,97,83,91,69,107,52,70,117,184,116,92,68,278,111,95,48,214,106,64,174,275,67,116,71,72,190,85,134,105,157
"SIG133",113,28,67,65,56,25,76,123,40,94,106,43,44,40,63,57,79,115,71,127,91,48,53,64,71,102,50,61,43,71,100,39,40,63,38,103,40,89,71,99,72,105,82,107,27,38,87,67,70,42,105,102,74,49,104,108,34,86,78,89
"SIG134",19,23,38,68,52,33,38,101,14,52,70,45,39,45,66,47,51,37,28,54,52,39,66,29,51,31,18,60,38,41,54,17,57,34,31,47,25,51,40,91,44,28,70,23,34,49,33,45,27,77,47,56,61,49,45,39,29,43,54,81
"SIG135",34,22,41,38,39,56,38,54,65,62,68,22,85,23,51,85,78,77,77,68,17,57,35,35,49,44,42,47,86,57,75,28,65,31,74,48,49,110,94,93,73,60,23,55,38,72,63,29,28,129,102,105,41,51,73,59,29,108,48,55
"SIG136",251,355,310,432,380,270,208,783,359,909,327,465,316,254,591,606,454,320,348,498,427,371,207,425,228,312,351,752,495,657,390,111,465,271,341,531,358,933,504,431,237,323,698,561,221,533,404,481,220,1039,721,409,458,340,190,625,466,256,496,467
"SIG137",44,17,42,42,82,38,49,68,89,75,58,45,78,35,24,68,95,33,54,68,45,31,95,37,36,33,61,72,89,27,61,26,63,48,29,36,39,48,78,50,46,76,62,36,26,34,68,44,40,39,66,66,76,26,29,125,47,57,67,78
"SIG138",105,35,57,44,130,85,33,80,51,109,62,85,86,160,114,140,176,124,72,90,172,90,158,137,48,137,72,82,116,138,66,94,85,88,87,77,74,129,146,120,159,159,172,100,42,62,105,93,85,123,140,213,140,135,114,144,127,108,182,259
"SIG139",44,25,36,43,62,69,36,64,67,81,72,55,41,47,89,52,58,93,63,48,47,34,48,67,34,58,68,54,51,44,67,43,40,35,20,65,35,112,47,54,75,38,126,46,57,35,43,64,37,93,64,108,59,111,46,78,47,58,57,105
"SIG140",184,113,166,205,312,226,257,395,125,284,593,260,182,140,216,342,435,362,192,286,257,265,182,249,132,241,231,292,236,238,259,204,359,319,313,327,202,341,361,311,121,339,256,186,223,246,237,399,61,239,304,242,237,176,193,279,290,297,237,330
"SIG141",98,36,40,50,56,42,67,89,33,147,64,62,78,34,72,113,111,70,90,126,68,57,100,104,35,59,63,45,69,57,52,37,98,34,62,51,69,42,71,49,83,46,73,62,55,41,106,131,36,118,108,84,81,35,44,246,32,38,49,158
"SIG142",19,19,13,47,29,31,23,19,13,15,40,18,31,31,23,64,34,27,20,34,31,25,24,21,11,14,19,21,23,20,26,4,41,28,19,18,27,48,25,43,13,18,26,14,15,33,38,15,31,32,31,44,46,36,26,37,22,32,41,32
"SIG143",393,124,159,189,194,247,167,455,173,382,334,224,196,190,132,332,313,158,211,387,205,197,281,130,394,226,106,301,456,157,116,144,543,237,142,178,208,297,315,360,458,231,396,252,301,211,475,184,278,398,332,348,338,270,264,412,293,190,175,453
"SIG144",312,62,260,149,130,117,153,501,207,328,281,206,198,261,171,168,275,163,230,201,105,182,344,182,207,202,109,135,236,113,267,41,225,211,132,143,168,292,301,165,243,116,200,178,234,158,173,194,161,472,132,451,292,198,191,227,178,186,238,355
"SIG145",82,47,77,74,125,47,47,167,93,132,73,146,133,83,110,128,155,96,94,79,62,96,125,99,73,134,81,63,98,113,180,35,53,105,126,58,74,122,120,109,48,119,128,111,63,75,99,113,56,160,130,138,141,148,69,163,61,106,86,85
"SIG146",60,19,52,53,90,43,56,120,57,125,57,31,105,66,48,45,92,115,105,67,79,83,48,64,62,85,49,101,86,47,124,51,122,41,91,89,70,105,65,81,70,87,152,69,95,29,109,52,70,153,111,76,63,165,42,126,53,75,82,86
"SIG147",52,17,24,53,39,30,24,47,67,41,63,35,77,23,34,51,65,62,71,124,49,34,62,59,25,34,33,24,34,23,50,18,65,58,33,24,54,58,31,58,81,62,71,35,40,37,52,49,31,112,61,50,80,75,20,67,43,38,33,66
"SIG148",301,128,249,315,185,325,106,376,190,320,290,259,393,356,167,537,140,344,356,365,339,239,247,239,251,247,200,154,182,264,437,95,224,327,236,187,169,341,343,424,329,216,291,258,249,313,201,480,177,370,228,305,372,282,246,285,150,237,472,885
"SIG149",196,50,159,207,203,140,93,200,84,225,124,98,201,134,163,150,134,111,225,133,130,161,243,187,170,226,231,174,159,138,337,191,200,222,133,144,178,221,184,149,176,165,236,137,229,105,210,173,86,219,100,228,260,95,122,300,103,180,136,142
"SIG150",84,82,94,117,90,59,59,232,87,154,112,130,150,130,177,139,140,206,78,348,100,116,150,106,63,128,73,145,90,79,112,105,134,101,72,130,78,119,109,62,73,87,166,146,184,159,75,125,47,223,141,170,103,118,83,211,97,260,138,314
"SIG151",72,33,36,102,124,51,29,75,27,93,105,62,95,83,76,93,101,82,131,87,74,92,58,54,91,78,73,76,108,51,50,37,74,47,94,122,59,131,95,67,71,57,179,59,55,76,54,82,33,184,151,102,190,120,86,178,57,87,155,195
"SIG152",104,41,40,90,119,96,119,187,56,143,65,106,306,53,95,188,57,73,62,196,182,101,122,126,111,167,104,142,139,83,103,81,87,83,69,93,84,137,168,107,92,76,133,77,68,76,153,144,82,134,152,40,101,68,102,159,112,85,101,143
"SIG153",133,32,72,125,85,75,26,85,55,73,113,110,172,52,93,110,83,77,140,149,110,95,58,74,57,106,125,67,81,78,71,36,77,80,99,59,81,98,138,80,126,80,97,111,48,81,181,67,69,147,80,139,75,167,90,157,41,77,97,69
"SIG154",38,27,22,50,33,31,41,54,41,38,46,40,53,33,40,44,75,52,47,63,37,35,36,40,47,27,24,57,50,49,49,46,71,34,22,28,26,38,50,72,41,51,109,34,33,62,59,59,34,51,77,67,50,19,27,58,36,56,55,33
"SIG155",62,32,78,88,99,124,50,100,86,133,211,56,141,94,70,172,161,80,62,172,64,95,91,92,62,54,79,108,108,52,97,66,153,19,119,85,54,144,122,181,132,82,177,113,71,109,122,128,132,138,119,77,108,138,41,155,116,77,156,170
"SIG156",283,130,197,275,225,233,228,344,285,329,322,230,211,156,316,487,476,472,182,401,279,431,310,368,202,367,161,370,176,316,276,81,314,234,241,242,251,218,275,417,293,284,461,271,176,112,406,387,127,444,324,661,213,221,137,339,239,359,232,381
"SIG157",168,91,91,272,126,136,102,296,204,272,262,184,255,159,280,201,348,278,240,308,300,158,117,242,133,308,200,217,128,202,253,83,154,140,119,140,130,385,172,235,122,210,242,125,199,83,165,305,130,254,245,313,189,208,352,429,149,217,204,271
"SIG158",154,145,190,352,235,282,116,533,179,159,252,266,377,196,332,351,269,242,497,410,388,217,318,120,218,129,304,484,312,329,335,226,345,259,172,214,163,456,268,370,154,96,622,312,220,208,325,276,137,343,341,335,346,487,283,531,214,274,259,655
"SIG159",190,125,175,163,69,176,128,320,152,165,185,244,209,56,275,200,222,179,152,129,338,322,155,145,232,226,116,385,110,176,236,48,260,281,122,162,57,191,178,186,190,228,459,158,104,119,166,177,104,435,273,177,156,357,196,562,67,294,251,467
"SIG160",315,162,263,351,462,342,248,729,413,486,381,556,374,430,329,672,446,222,524,349,547,378,371,291,287,587,313,469,590,727,470,204,680,316,418,507,178,578,442,607,284,423,842,265,331,299,271,307,445,1081,994,527,539,512,369,899,310,484,703,522
"SIG161",133,79,104,159,110,156,113,186,87,204,235,114,211,163,191,159,115,158,111,233,202,169,111,124,129,232,102,143,148,56,123,60,92,169,60,116,82,155,191,237,169,88,250,41,136,68,317,271,110,116,79,146,176,115,94,147,84,139,188,197
"SIG162",647,187,395,453,535,610,252,583,190,695,520,708,952,426,379,495,639,1120,680,677,540,414,555,588,350,431,333,920,322,654,598,367,854,526,291,286,266,586,624,687,647,592,1332,408,330,436,386,529,572,692,783,418,663,761,631,900,781,597,663,630
"SIG163",74,57,175,101,104,161,92,111,120,140,91,142,75,98,143,80,92,132,151,169,110,122,112,93,71,110,144,179,96,85,49,52,135,75,103,85,79,142,90,59,80,138,80,82,92,97,165,111,38,228,114,100,114,202,111,122,109,145,139,125
"SIG164",136,74,119,111,143,115,127,113,118,116,216,47,181,98,160,188,100,67,89,174,152,118,125,135,84,51,100,118,142,81,174,40,127,53,134,74,60,192,172,115,51,72,114,67,56,195,188,90,87,214,176,85,161,179,111,155,82,85,143,100
"SIG165",44,30,66,98,41,63,36,84,73,45,101,114,51,26,67,89,99,105,33,50,65,33,28,47,67,66,93,109,91,101,54,20,67,31,44,36,49,79,65,54,59,46,107,73,40,52,59,93,37,147,96,72,88,184,23,97,62,108,52,57
"SIG166",19,6,25,40,19,36,11,33,19,37,30,17,51,44,30,28,32,75,33,21,30,22,22,32,28,39,9,63,32,30,37,18,42,16,16,37,20,31,15,37,17,42,50,49,30,28,36,47,17,18,72,67,38,61,46,68,20,57,30,88
"SIG167",126,38,81,130,139,73,127,223,77,239,240,296,111,66,121,182,107,100,221,322,85,107,142,147,122,123,143,218,92,96,203,91,124,66,51,120,100,149,140,101,193,126,246,81,110,188,173,207,129,286,211,59,165,171,135,220,113,186,150,183
"SIG168",109,64,38,116,77,93,36,70,93,93,129,42,99,73,106,177,97,76,122,123,61,140,102,96,84,70,52,98,44,98,95,55,92,57,76,44,86,141,160,209,109,112,100,71,64,105,134,126,39,40,128,144,98,158,127,165,72,135,155,128
"SIG169",16,15,21,26,6,19,17,106,34,23,44,48,47,24,48,29,40,27,34,56,17,31,25,28,19,14,22,13,15,20,32,13,25,38,16,34,29,40,15,24,28,26,76,42,16,15,29,50,23,59,72,34,24,28,18,31,20,19,66,29
"SIG170",235,118,275,254,154,224,183,325,95,378,406,282,148,140,217,187,156,205,229,217,280,286,203,179,267,244,135,215,275,183,312,106,204,165,131,194,192,364,302,363,185,197,259,277,134,338,446,286,147,501,316,334,267,371,242,545,129,200,252,231
"SIG171",132,144,150,411,346,162,173,280,158,351,551,325,505,157,247,758,310,244,267,288,400,233,171,190,206,261,169,254,247,274,417,169,557,219,263,212,166,321,170,231,337,272,486,153,114,275,484,604,159,302,449,236,226,506,261,659,290,428,318,407
"SIG172",396,141,144,239,263,244,100,269,139,443,280,314,159,283,276,290,283,360,299,503,341,188,283,240,240,355,239,433,249,230,295,231,441,330,461,381,197,203,281,313,342,283,327,391,174,131,197,242,202,245,180,347,241,360,310,166,300,307,316,309
"SIG173",83,77,66,136,206,146,89,281,104,182,184,127,236,43,159,142,167,119,127,205,105,140,177,144,118,102,166,151,130,167,130,125,161,144,97,110,88,135,126,272,155,151,249,143,131,104,128,144,84,153,95,114,170,65,117,184,73,177,122,185
"SIG174",280,93,141,329,251,122,111,419,156,408,187,231,404,145,328,389,316,270,220,315,143,115,357,298,337,116,366,329,114,200,391,59,153,176,301,191,161,582,301,287,272,100,305,262,262,318,298,254,139,586,329,256,263,338,341,219,267,427,403,351
"SIG175",487,353,651,726,780,495,254,877,305,743,1351,915,740,319,663,922,962,527,1008,770,612,221,979,834,680,813,448,365,1324,1568,484,381,933,432,381,600,302,654,720,821,638,872,1020,570,768,699,472,597,505,1302,835,749,919,751,575,805,348,563,754,1399
"SIG176",331,144,175,146,275,187,267,434,193,265,486,548,434,260,280,536,307,346,232,154,126,227,316,184,242,340,175,369,143,410,424,186,170,248,116,137,128,506,344,261,432,303,326,291,280,218,752,548,236,444,428,427,248,244,169,819,196,187,364,444
"SIG177",69,38,42,60,61,48,53,135,49,64,104,66,120,54,84,105,179,52,68,102,101,69,90,56,83,86,56,74,39,59,84,31,101,62,43,35,48,74,60,54,115,77,73,91,53,100,23,68,69,149,67,58,77,74,74,162,50,92,64,103
"SIG178",387,104,116,204,354,202,215,344,120,377,403,390,144,211,167,294,226,263,266,147,240,208,268,153,230,340,124,172,321,178,275,161,203,336,221,131,176,430,216,228,241,145,435,269,166,157,175,323,154,281,141,173,292,555,209,362,123,188,461,424
"SIG179",32,9,14,27,44,9,24,27,12,28,36,22,42,35,32,28,16,53,22,30,26,41,36,18,25,21,27,34,29,28,21,6,43,32,16,14,9,25,40,60,33,44,37,16,29,25,23,35,17,59,38,28,24,32,34,37,31,19,33,55
"SIG180",71,32,53,38,54,77,11,30,44,54,99,91,48,32,99,94,32,35,70,136,46,35,68,66,31,40,54,43,24,51,89,16,44,50,39,55,10,51,66,84,38,35,76,96,43,23,53,70,19,67,62,82,82,50,32,120,39,80,42,95
"SIG181",168,70,123,148,144,128,180,394,168,181,133,111,152,154,221,484,252,182,151,332,228,173,327,288,191,120,95,194,219,233,208,88,149,44,179,167,110,183,161,213,215,163,222,194,43,178,244,360,192,221,335,209,223,193,164,349,155,140,189,278
"SIG182",75,74,147,151,209,283,205,502,126,278,258,183,437,268,166,429,118,257,403,150,178,313,409,283,238,314,195,195,163,248,259,174,317,187,167,193,199,374,179,387,163,249,278,292,120,139,465,313,134,409,292,364,311,339,87,254,141,281,182,680
"SIG183",246,222,357,413,486,199,369,686,353,326,657,393,381,403,382,540,502,416,568,504,324,251,456,344,265,234,322,288,824,445,357,143,713,305,263,198,365,595,320,265,494,271,663,499,288,211,707,228,178,560,561,316,488,638,341,677,372,581,385,498
"SIG184",147,126,127,98,168,116,105,223,156,531,285,173,241,166,234,239,112,211,124,123,135,125,69,118,167,208,173,167,240,165,282,43,155,87,76,141,170,287,262,188,213,129,283,204,235,207,234,255,112,182,171,176,208,153,172,312,142,132,261,382
"SIG185",35,22,18,65,30,12,34,38,16,43,34,41,100,41,41,72,38,51,50,31,20,26,30,38,55,21,22,27,59,42,34,16,35,40,27,27,33,10,61,30,64,34,34,44,39,36,57,43,17,43,65,23,26,23,19,56,34,17,55,27
"SIG186",69,20,21,49,66,60,31,90,36,54,87,50,44,33,86,73,64,70,57,75,96,46,45,27,36,42,14,45,31,51,84,30,76,60,31,53,41,72,25,53,53,40,89,51,61,82,72,128,36,96,46,33,63,77,55,60,18,56,37,79
"SIG187",165,82,170,68,185,238,107,313,314,310,133,225,295,153,152,277,161,149,241,237,145,242,283,194,171,223,226,300,192,130,265,172,267,152,176,197,105,136,230,183,135,276,176,231,147,207,312,299,147,259,246,147,186,296,107,331,161,265,290,202
"SIG188",86,63,147,99,138,123,81,221,179,207,141,211,200,187,161,260,337,210,324,100,288,56,162,182,139,185,75,253,191,88,230,125,183,185,220,148,111,257,220,153,271,95,211,169,176,160,121,417,76,190,202,158,103,224,137,284,177,206,148,205
"SIG189",165,104,178,293,262,149,208,424,208,151,297,295,244,224,268,328,398,126,252,443,312,166,352,225,397,192,80,242,244,305,379,117,254,121,117,162,176,172,246,298,211,220,319,190,183,212,355,315,165,382,243,293,406,442,175,431,222,209,211,356
"SIG190",107,57,53,110,38,63,71,133,65,122,83,61,82,63,91,61,143,109,91,167,191,39,79,87,88,87,46,123,69,81,147,58,137,77,43,116,79,34,74,129,59,57,209,126,107,69,129,55,77,161,81,71,131,104,89,134,53,82,38,141
"SIG191",148,56,141,173,266,110,52,217,121,215,220,221,244,138,258,254,239,152,116,207,235,92,196,124,171,168,138,154,191,197,186,133,211,147,146,167,179,176,248,208,79,160,218,123,72,102,175,92,130,178,255,148,186,195,151,289,133,202,134,165
"SIG192",172,93,224,212,202,98,180,344,205,239,522,177,314,118,144,243,263,284,227,141,281,174,243,271,267,272,91,154,245,179,240,72,238,265,123,234,107,278,133,297,262,200,129,153,173,103,186,325,187,260,212,292,213,221,151,197,261,239,403,338
"SIG193",225,170,254,390,226,132,168,259,75,324,554,234,716,192,245,371,235,229,244,195,238,211,257,306,324,284,184,534,260,188,298,134,317,158,178,181,291,290,223,409,406,217,298,207,169,265,204,301,150,336,239,373,510,322,349,629,225,374,457,338
"SIG194",122,49,89,236,142,83,41,185,182,131,145,177,121,215,143,291,132,213,86,157,137,133,131,150,193,246,110,77,174,94,170,104,224,46,131,100,98,193,73,121,168,134,113,251,128,115,166,157,119,209,107,140,212,196,144,224,117,162,293,134
"SIG195",157,67,74,106,161,91,86,227,192,116,198,171,193,116,291,231,117,224,185,220,139,175,176,105,235,114,73,182,144,171,236,64,224,222,220,148,73,201,194,238,154,101,370,97,202,159,153,155,111,454,255,208,172,257,178,371,171,239,188,207
"SIG196",187,87,244,123,155,137,137,193,220,291,223,117,220,126,133,208,213,118,180,147,236,135,149,125,173,82,120,223,210,210,208,94,310,144,137,139,87,204,81,176,155,199,395,88,202,163,120,234,88,233,308,158,140,236,120,268,83,208,157,119
"SIG197",162,83,226,493,756,253,310,563,392,319,363,216,323,250,240,276,325,399,155,332,382,441,171,379,158,509,504,197,265,190,509,120,697,286,247,356,297,108,336,547,273,660,549,217,256,262,599,487,206,545,261,316,456,209,363,250,217,534,283,570
"SIG198",308,174,425,211,499,251,228,397,254,403,435,456,526,536,514,554,511,542,256,435,465,225,651,284,345,292,333,415,407,230,349,160,459,178,180,360,174,428,292,289,292,357,571,320,247,300,348,109,174,685,569,646,404,406,155,921,141,471,416,741
"SIG199",227,98,92,139,115,150,66,220,81,218,208,115,263,69,262,275,137,186,147,156,178,131,124,117,103,220,80,126,64,176,148,83,106,155,192,69,187,280,254,107,135,182,475,130,87,122,234,187,87,257,147,93,163,194,144,283,203,240,184,186
"SIG200",118,72,131,82,79,147,92,104,78,187,245,110,303,86,94,234,100,185,135,204,175,132,127,105,81,163,52,72,64,64,132,89,130,93,119,84,66,199,100,132,78,87,97,100,71,83,92,107,82,299,139,148,102,222,105,293,89,155,205,242
