"sample_id","condition"
"N1","normal"
"N2","normal"
"N3","normal"
"N4","normal"
"N5","normal"
"N6","normal"
"N7","normal"
"N8","normal"
"N9","normal"
"N10","normal"
"N11","normal"
"N12","normal"
"N13","normal"
"N14","normal"
"N15","normal"
"N16","normal"
"N17","normal"
"N18","normal"
"N19","normal"
"N20","normal"
"N21","normal"
"N22","normal"
"N23","normal"
"N24","normal"
"N25","normal"
"N26","normal"
"N27","normal"
"N28","normal"
"N29","normal"
"N30","normal"
"T1","tumor"
"T2","tumor"
"T3","tumor"
"T4","tumor"
"T5","tumor"
"T6","tumor"
"T7","tumor"
"T8","tumor"
"T9","tumor"
"T10","tumor"
"T11","tumor"
"T12","tumor"
"T13","tumor"
"T14","tumor"
"T15","tumor"
"T16","tumor"
"T17","tumor"
"T18","tumor"
"T19","tumor"
"T20","tumor"
"T21","tumor"
"T22","tumor"
"T23","tumor"
"T24","tumor"
"T25","tumor"
"T26","tumor"
"T27","tumor"
"T28","tumor"
"T29","tumor"
"T30","tumor"
